aut_ep_id,country_name,ep_start,ep_end,outcome_agg,outcome_label,poly_start,poly_end,n_populist_spells,any_populist,populist_variants,earliest_entry_year,years_populist_leads
ARG_1930_1931,Argentina,1930,1931,3,NA,0.284,0.118,1,TRUE,Left,1928,2
ARG_1943_1945,Argentina,1943,1945,3,NA,0.169,0.089,1,TRUE,Left,1946,-3
ARG_1949_1956,Argentina,1949,1956,3,NA,0.372,0.15,1,TRUE,Left,1946,3
ARG_1975_1977,Argentina,1975,1977,3,NA,0.509,0.071,1,TRUE,Left,1973,2
AUT_1930_1938,Austria,1930,1938,1,Breakdown,0.686,0.093,0,FALSE,,NA,NA
BEL_1914_1915,Belgium,1914,1915,1,Breakdown,0.303,0.156,0,FALSE,,NA,NA
BEL_1940_1941,Belgium,1940,1941,1,Breakdown,0.234,0.125,0,FALSE,,NA,NA
BOL_1964_1965,Bolivia,1964,1965,3,NA,0.227,0.123,1,TRUE,Left,1952,12
BOL_2006_2020,Bolivia,2006,2020,1,Breakdown,0.724,0.275,1,TRUE,Left,2006,0
BRA_1930_1931,Brazil,1930,1931,3,NA,0.178,0.079,1,TRUE,Left,1930,0
BRA_2015_2019,Brazil,2015,2019,2,Erosion only,0.861,0.691,1,TRUE,Right,2019,-4
CHL_1924_1925,Chile,1924,1925,3,NA,0.257,0.155,2,TRUE,Left,1920,4
COL_1947_1950,Colombia,1947,1950,3,NA,0.25,0.142,0,FALSE,,NA,NA
CZE_1930_1940,Czechia,1930,1940,1,Breakdown,0.782,0.068,0,FALSE,,NA,NA
CZE_1948_1954,Czechia,1948,1954,3,NA,0.185,0.127,0,FALSE,,NA,NA
CZE_2013_2021,Czechia,2013,2021,2,Erosion only,0.863,0.789,0,FALSE,,NA,NA
DEU_1923_1939,Germany,1923,1939,1,Breakdown,0.629,0.071,1,TRUE,Right,1933,-10
DNK_1940_1944,Denmark,1940,1944,1,Breakdown,0.68,0.204,0,FALSE,,NA,NA
ECU_1932_1936,Ecuador,1932,1936,3,NA,0.266,0.152,1,TRUE,Right,1934,-2
ECU_1960_1964,Ecuador,1960,1964,3,NA,0.359,0.133,1,TRUE,Right,1960,0
ECU_1970_1973,Ecuador,1970,1973,3,NA,0.294,0.146,1,TRUE,Right,1968,2
ECU_2007_2013,Ecuador,2007,2013,2,Erosion only,0.671,0.538,1,TRUE,Left,2007,0
EGY_1952_1953,Egypt,1952,1953,3,NA,0.148,0.066,0,FALSE,,NA,NA
EGY_2013_2014,Egypt,2013,2014,3,NA,0.187,0.137,0,FALSE,,NA,NA
ESP_1923_1924,Spain,1923,1924,3,NA,0.093,0.061,0,FALSE,,NA,NA
ESP_1936_1940,Spain,1936,1940,1,Breakdown,0.497,0.07,0,FALSE,,NA,NA
EST_1932_1935,Estonia,1932,1935,1,Breakdown,0.675,0.126,0,FALSE,,NA,NA
EST_1991_1992,Estonia,1991,1992,1,Breakdown,0.608,0.45,0,FALSE,,NA,NA
FIN_1939_1940,Finland,1939,1940,2,Erosion only,0.527,0.502,0,FALSE,,NA,NA
FRA_1939_1941,France,1939,1941,1,Breakdown,0.534,0.082,0,FALSE,,NA,NA
GBR_2019_2025,United Kingdom,2019,2025,4,Uncertain / ongoing,0.854,0.772,1,TRUE,Right,2019,0
GRC_2020_2025,Greece,2020,2025,4,Uncertain / ongoing,0.788,0.741,1,TRUE,Left,2015,5
HRV_2013_2025,Croatia,2013,2025,4,Uncertain / ongoing,0.828,0.686,0,FALSE,,NA,NA
HUN_2006_2025,Hungary,2006,2025,1,Breakdown,0.831,0.421,1,TRUE,Right,2010,-4
IDN_1957_1966,Indonesia,1957,1966,3,NA,0.535,0.195,1,TRUE,Left,1945,12
IDN_2009_2025,Indonesia,2009,2025,1,Breakdown,0.684,0.462,1,TRUE,Left,2014,-5
IND_1971_1975,India,1971,1975,1,Breakdown,0.618,0.39,1,TRUE,Left,1966,5
IND_2009_2025,India,2009,2025,1,Breakdown,0.683,0.377,1,TRUE,Right,2014,-5
ITA_1921_1926,Italy,1921,1926,3,NA,0.362,0.068,1,TRUE,Right,1922,-1
ITA_2019_2025,Italy,2019,2025,4,Uncertain / ongoing,0.854,0.745,1,TRUE,Right,2018,1
KOR_2008_2014,South Korea,2008,2014,2,Erosion only,0.759,0.705,1,TRUE,Right,2003,5
LTU_1926_1927,Lithuania,1926,1927,1,Breakdown,0.527,0.143,0,FALSE,,NA,NA
LUX_1940_1941,Luxembourg,1940,1941,1,Breakdown,0.216,0.143,0,FALSE,,NA,NA
LVA_1934_1939,Latvia,1934,1939,1,Breakdown,0.329,0.136,0,FALSE,,NA,NA
MEX_2020_2025,Mexico,2020,2025,1,Breakdown,0.664,0.469,1,TRUE,Left,2018,2
MLT_1930_1931,Malta,1930,1931,3,NA,0.245,0.217,0,FALSE,,NA,NA
MLT_1934_1935,Malta,1934,1935,3,NA,0.217,0.202,0,FALSE,,NA,NA
MLT_1958_1959,Malta,1958,1959,1,Breakdown,0.36,0.257,0,FALSE,,NA,NA
MYS_1969_1970,Malaysia,1969,1970,3,NA,0.209,0.146,0,FALSE,,NA,NA
NLD_1940_1941,Netherlands,1940,1941,1,Breakdown,0.219,0.147,0,FALSE,,NA,NA
NOR_1940_1943,Norway,1940,1943,1,Breakdown,0.297,0.1,0,FALSE,,NA,NA
PER_1990_1992,Peru,1990,1992,1,Breakdown,0.612,0.249,1,TRUE,Mixed,1985,5
PHL_2001_2005,Philippines,2001,2005,1,Breakdown,0.545,0.463,1,TRUE,Left,1998,3
PHL_2016_2025,Philippines,2016,2025,1,Breakdown,0.485,0.392,1,TRUE,Right,2016,0
POL_2016_2021,Poland,2016,2021,2,Erosion only,0.731,0.587,1,TRUE,Right,2015,1
PRT_1926_1927,Portugal,1926,1927,3,NA,0.107,0.048,0,FALSE,,NA,NA
ROU_1937_1940,Romania,1937,1940,3,NA,0.208,0.113,0,FALSE,,NA,NA
ROU_2021_2025,Romania,2021,2025,4,Uncertain / ongoing,0.766,0.605,0,FALSE,,NA,NA
RUS_1993_2014,Russia,1993,2014,3,NA,0.48,0.264,0,FALSE,,NA,NA
SVN_2012_2021,Slovenia,2012,2021,2,Erosion only,0.847,0.715,0,FALSE,,NA,NA
SVN_2023_2025,Slovenia,2023,2025,4,Uncertain / ongoing,0.76,0.692,0,FALSE,,NA,NA
THA_2003_2007,Thailand,2003,2007,1,Breakdown,0.537,0.181,1,TRUE,Right,2001,2
TUR_2005_2017,Türkiye,2005,2017,1,Breakdown,0.643,0.29,1,TRUE,Right,2003,2
URY_1933_1933,Uruguay,1933,1933,1,Breakdown,0.35,0.35,0,FALSE,,NA,NA
URY_1963_1974,Uruguay,1963,1974,1,Breakdown,0.768,0.097,0,FALSE,,NA,NA
VEN_1998_2018,Venezuela,1998,2018,1,Breakdown,0.73,0.213,1,TRUE,Left,1999,-1
