country_name,ep_start,ep_end,outcome_short,funke_spell_years
Cuba,1904,1907,NA,NA
Ecuador,1906,1906,NA,NA
Dominican Republic,1908,1917,NA,NA
Belgium,1914,1915,Breakdown,NA
Greece,1915,1917,NA,NA
Costa Rica,1917,1917,NA,NA
Hungary,1919,1919,NA,NA
Peru,1919,1920,NA,NA
Italy,1921,1926,NA,1922–1943
Greece,1922,1923,NA,NA
Germany,1923,1939,Breakdown,1933–1945
Spain,1923,1924,NA,NA
Chile,1924,1925,NA,1920–1925
Greece,1925,1926,NA,NA
Lithuania,1926,1927,Breakdown,NA
Poland,1926,1931,Breakdown,NA
Portugal,1926,1927,NA,NA
Cuba,1929,1934,NA,NA
Argentina,1930,1931,NA,1928–1930
Austria,1930,1938,Breakdown,NA
Bolivia,1930,1935,NA,NA
Brazil,1930,1931,NA,1930–1945
Czechia,1930,1940,Breakdown,NA
Dominican Republic,1930,1931,NA,NA
Malta,1930,1931,NA,NA
El Salvador,1931,1932,NA,NA
Ecuador,1932,1936,NA,1934–1935
Estonia,1932,1935,Breakdown,NA
Uruguay,1933,1933,Breakdown,NA
Bulgaria,1934,1935,NA,NA
Latvia,1934,1939,Breakdown,NA
Malta,1934,1935,NA,NA
Greece,1935,1937,NA,NA
Spain,1936,1940,Breakdown,NA
Albania,1937,1940,NA,NA
Romania,1937,1940,NA,NA
Finland,1939,1940,Erosion only,NA
France,1939,1941,Breakdown,NA
Hungary,1939,1945,NA,NA
Belgium,1940,1941,Breakdown,NA
Denmark,1940,1944,Breakdown,NA
Luxembourg,1940,1941,Breakdown,NA
Netherlands,1940,1941,Breakdown,NA
Norway,1940,1943,Breakdown,NA
Philippines,1941,1942,NA,NA
Burma/Myanmar,1942,1943,NA,NA
Argentina,1943,1945,NA,NA
Colombia,1947,1950,NA,NA
Hungary,1947,1949,NA,NA
Costa Rica,1948,1948,NA,NA
Czechia,1948,1954,NA,NA
Peru,1948,1949,NA,NA
Argentina,1949,1956,NA,1946–1955
Syria,1949,1952,NA,NA
Venezuela,1949,1949,NA,NA
Cuba,1951,1953,NA,NA
Egypt,1952,1953,NA,NA
Iran,1953,1954,NA,NA
Guatemala,1954,1955,NA,NA
Türkiye,1954,1961,NA,NA
Honduras,1955,1955,NA,NA
Indonesia,1957,1966,NA,1945–1966
Ghana,1958,1966,NA,NA
Iraq,1958,1968,NA,NA
Malta,1958,1959,Breakdown,NA
Burma/Myanmar,1958,1963,NA,NA
Sudan,1958,1959,NA,NA
Syria,1958,1959,NA,NA
Cuba,1959,1961,NA,NA
Laos,1959,1965,NA,NA
Ecuador,1960,1964,NA,1960–1961
South Korea,1961,1962,NA,NA
Nepal,1961,1961,NA,NA
Argentina,1962,1962,NA,NA
Republic of the Congo,1962,1968,NA,NA
Greece,1962,1968,NA,NA
Central African Republic,1963,1966,NA,NA
Syria,1963,1970,NA,NA
Togo,1963,1968,NA,NA
Uruguay,1963,1974,Breakdown,NA
Republic of Vietnam,1963,1964,NA,NA
Benin,1964,1966,NA,NA
Bolivia,1964,1965,NA,1952–1964
Brazil,1964,1965,NA,NA
Dominican Republic,1964,1964,NA,NA
Mali,1964,1969,NA,NA
Panama,1964,1969,NA,NA
Somalia,1964,1970,NA,NA
Zanzibar,1964,1964,NA,NA
Burundi,1965,1967,NA,NA
Burkina Faso,1965,1967,NA,NA
Democratic Republic of the Congo,1965,1966,NA,NA
Algeria,1965,1966,NA,NA
Argentina,1966,1967,Breakdown,NA
Philippines,1966,1973,NA,NA
Uganda,1966,1972,NA,NA
Sierra Leone,1967,1968,NA,NA
Guyana,1968,1974,NA,NA
Peru,1968,1969,NA,NA
Lesotho,1969,1971,NA,NA
Malaysia,1969,1970,NA,NA
Sudan,1969,1969,NA,NA
Zambia,1969,1974,NA,NA
Benin,1970,1973,NA,NA
Ecuador,1970,1973,NA,1968–1972
Cambodia,1970,1975,NA,NA
Sri Lanka,1970,1989,Breakdown,NA
Equatorial Guinea,1971,1973,NA,NA
India,1971,1975,Breakdown,1966–1977
Chile,1972,1974,Breakdown,NA
Ghana,1972,1973,NA,NA
Madagascar,1972,1973,NA,NA
Seychelles,1972,1978,NA,NA
Honduras,1973,1973,NA,NA
Rwanda,1973,1974,NA,NA
Eswatini,1973,1974,NA,NA
Bahrain,1974,1976,NA,NA
Argentina,1975,1977,NA,1973–1976
Bangladesh,1975,1976,NA,NA
Laos,1975,1976,NA,NA
Suriname,1975,1975,Erosion only,NA
Kuwait,1976,1976,NA,NA
Thailand,1976,1977,NA,NA
Pakistan,1977,1978,NA,NA
Mauritania,1978,1979,NA,NA
Zimbabwe,1978,1978,NA,NA
Burkina Faso,1980,1981,NA,NA
Liberia,1980,1981,NA,NA
Suriname,1980,1981,Breakdown,NA
Türkiye,1980,1981,Breakdown,NA
Ghana,1981,1982,NA,NA
Bangladesh,1982,1983,NA,NA
Nigeria,1983,1984,NA,NA
Kuwait,1986,1986,NA,NA
Burundi,1987,1988,NA,NA
Fiji,1987,1988,Breakdown,NA
Sudan,1989,1990,NA,NA
Peru,1990,1992,Breakdown,1985–2000
Estonia,1991,1992,Breakdown,NA
Suriname,1991,1991,NA,NA
Thailand,1991,1991,NA,NA
Algeria,1992,1993,NA,NA
Haiti,1992,1992,NA,NA
Tajikistan,1992,1995,NA,NA
Armenia,1993,1997,Breakdown,NA
Azerbaijan,1993,1996,NA,NA
The Gambia,1993,1995,NA,NA
Russia,1993,2014,NA,NA
Rwanda,1993,1995,NA,NA
Belarus,1994,2001,Breakdown,NA
Republic of the Congo,1994,1998,NA,NA
Lesotho,1994,1995,Breakdown,NA
Niger,1996,1996,Breakdown,NA
Nicaragua,1996,2025,Breakdown,NA
Madagascar,1997,2002,Breakdown,NA
Ukraine,1997,2000,Breakdown,NA
Moldova,1998,2006,Breakdown,NA
Solomon Islands,1998,2001,Breakdown,NA
Venezuela,1998,2018,Breakdown,1999–2020
Comoros,1999,2000,NA,NA
Malawi,1999,2005,Breakdown,NA
Niger,1999,1999,NA,NA
Pakistan,1999,2000,NA,NA
Ivory Coast,2000,2000,NA,NA
Fiji,2000,2001,Breakdown,NA
North Macedonia,2000,2001,NA,NA
Nepal,2000,2003,NA,NA
Haiti,2001,2004,NA,NA
Philippines,2001,2005,Breakdown,1998–2001
Bangladesh,2002,2007,Breakdown,NA
Central African Republic,2003,2004,NA,NA
Liberia,2003,2004,NA,NA
Thailand,2003,2007,Breakdown,2001–2006
Bosnia and Herzegovina,2004,2007,Erosion only,NA
Sri Lanka,2004,2006,Breakdown,NA
North Macedonia,2005,2012,Breakdown,NA
Türkiye,2005,2017,Breakdown,2003–2020
Bolivia,2006,2020,Breakdown,2006–2019
Fiji,2006,2007,NA,NA
Honduras,2006,2010,Breakdown,NA
Hungary,2006,2025,Breakdown,2010–2020
Palestine/West Bank,2006,2008,Breakdown,NA
Ecuador,2007,2013,Erosion only,2007–2017
Papua New Guinea,2007,2013,Breakdown,NA
South Korea,2008,2014,Erosion only,2003–2008
Mali,2008,2013,Breakdown,NA
Indonesia,2009,2025,Breakdown,2014–2020
India,2009,2025,Breakdown,2014–2020
Madagascar,2009,2010,NA,NA
Niger,2009,2010,Breakdown,NA
Burundi,2010,2016,NA,NA
Maldives,2010,2017,Breakdown,NA
Serbia,2010,2025,Breakdown,NA
Ukraine,2010,2014,Breakdown,NA
Zambia,2011,2019,Breakdown,NA
Guinea-Bissau,2012,2013,NA,NA
Nepal,2012,2013,NA,NA
Slovenia,2012,2021,Erosion only,NA
Bangladesh,2013,2018,NA,NA
Czechia,2013,2021,Erosion only,NA
Egypt,2013,2014,NA,NA
Ghana,2013,2021,Erosion only,NA
Croatia,2013,2025,Ongoing,NA
Moldova,2013,2017,Erosion only,NA
Mauritania,2013,2025,NA,NA
Thailand,2013,2014,NA,NA
Yemen,2013,2016,NA,NA
Burkina Faso,2014,2015,Breakdown,NA
Libya,2014,2025,NA,NA
Mauritius,2014,2023,Breakdown,NA
Tunisia,2014,2022,Breakdown,NA
Brazil,2015,2019,Erosion only,2019–2020
Botswana,2015,2022,Erosion only,NA
Comoros,2015,2020,NA,NA
Lesotho,2015,2017,Erosion only,NA
Niger,2015,2025,Breakdown,NA
Pakistan,2015,2025,NA,NA
Tanzania,2015,2021,NA,NA
Hong Kong,2016,2025,NA,NA
Cambodia,2016,2025,NA,NA
Mongolia,2016,2024,Breakdown,NA
Peru,2016,2025,Ongoing,NA
Philippines,2016,2025,Breakdown,2016–2020
Poland,2016,2021,Erosion only,2015–2020
Georgia,2017,2025,Breakdown,NA
Mozambique,2017,2025,NA,NA
Chad,2017,2022,NA,NA
Togo,2017,2025,NA,NA
Benin,2018,2021,Breakdown,NA
Burkina Faso,2018,2025,Breakdown,NA
Gabon,2018,2024,NA,NA
Guatemala,2018,2022,Erosion only,NA
Lebanon,2018,2024,NA,NA
Mali,2018,2025,NA,NA
El Salvador,2018,2025,Breakdown,NA
Central African Republic,2019,2025,NA,NA
United Kingdom,2019,2025,Ongoing,2019–2020
Guinea,2019,2025,NA,NA
Guyana,2019,2025,Ongoing,NA
Italy,2019,2025,Ongoing,2018–2020
Kyrgyzstan,2019,2025,NA,NA
South Korea,2019,2023,Erosion only,NA
Armenia,2020,2025,Ongoing,NA
Belarus,2020,2025,NA,NA
Ivory Coast,2020,2025,Breakdown,NA
Greece,2020,2025,Ongoing,NA
Haiti,2020,2025,NA,NA
Mexico,2020,2025,Breakdown,2018–2020
