outcome,spec,n_first_stage,first_stage_coef,first_stage_pval,n_outcome,rd_estimate,rd_se,rd_pval,late_estimate,late_se,late_pval,bandwidth
Y_gdp_growth,baseline_scoregap_ge_0,1345,-0.02495492430127172,0.6656538762129112,1205,-0.05282743151863156,0.0265906148132741,0.046956247856266446,1.3822431630867067,6.018393556227919,0.8183483742294854,23.177489902177065
Y_inflation,baseline_scoregap_ge_0,1345,-0.02495492430127172,0.6656538762129112,1135,0.005166308579058421,0.19132709077498933,0.9784577450071451,0.642986730447782,5.577454027058821,0.9082206565397166,23.07745397570269
Y_unemployment,baseline_scoregap_ge_0,1345,-0.02495492430127172,0.6656538762129112,881,0.19801689892916347,0.5799340932702681,0.7327669127109115,-7.5985540305358565,27.655209912415046,0.7835003933911122,21.93409305769207
Y_trade_pct_gdp,baseline_scoregap_ge_0,1345,-0.02495492430127172,0.6656538762129112,1113,-1.6204213420078233,2.8298168539618738,0.5668992352259212,20.98882108855699,72.06660939622031,0.7708662678469208,20.77120774016692
Y_top10_share,baseline_scoregap_ge_0,1345,-0.02495492430127172,0.6656538762129112,1150,-0.6476697350031638,0.565686374140718,0.2522393018758831,15.321320199268312,45.063812030291515,0.7338628095599773,25.473849616065934
Y_gini_disp,baseline_scoregap_ge_0,1345,-0.02495492430127172,0.6656538762129112,975,0.6633816331578543,0.31353680745612755,0.03436169738288882,-8.420484639662558,10.53661998949486,0.424195474029947,25.09114393036068
Y_gini_mkt,baseline_scoregap_ge_0,1345,-0.02495492430127172,0.6656538762129112,975,0.6576071037766402,0.3417892045925868,0.05435286932396127,-9.5496228218508,13.358062547186956,0.4746734319581825,22.007664810375296
Y_gdp_growth,high_illiberal_score,671,0.04691676394195107,0.6228745844066244,609,-0.14743446531363696,0.06568190026803766,0.02478905708086398,-1.3177226147108076,1.4826570941734043,0.3741334204196981,17.699508950604155
Y_inflation,high_illiberal_score,671,0.04691676394195107,0.6228745844066244,551,0.15772604007583513,0.42727356334494254,0.7120194035768455,1.076165852610581,4.940328057840512,0.8275593308662805,17.37081300017904
Y_unemployment,high_illiberal_score,671,0.04691676394195107,0.6228745844066244,470,0.2858579981111501,0.7140848920235261,0.6889254446922204,67.9164733395073,173.68114541212958,0.6957668257601344,28.432407049314563
Y_trade_pct_gdp,high_illiberal_score,671,0.04691676394195107,0.6228745844066244,553,-2.770439804524023,5.557868537884889,0.6181516585848924,-69.60771968692683,152.71548719932224,0.6485338011984892,14.307409880699883
Y_top10_share,high_illiberal_score,671,0.04691676394195107,0.6228745844066244,565,-0.8936278979347492,0.7102040682186325,0.2082944195342255,-10.056965282399798,12.976607259750189,0.4383353493394591,20.228898548833506
Y_gini_disp,high_illiberal_score,671,0.04691676394195107,0.6228745844066244,471,0.7337134428815995,0.4966175581478617,0.13956269442779895,11.950639421825272,34.73289104620124,0.7307916169978699,26.329403231980766
Y_gini_mkt,high_illiberal_score,671,0.04691676394195107,0.6228745844066244,471,-0.08601686722587315,0.5682667031350007,0.879686162520596,-1.524118291253727,8.302622333626362,0.8543502412522556,23.24234364617697
Y_gdp_growth,excl_indirect_election,1318,-0.013172582405164196,0.8151158639380698,1179,-0.05528725267318653,0.027888946026204366,0.04743366327599483,2.389658773363246,9.283863246985133,0.7968706369660931,20.818999650069507
Y_inflation,excl_indirect_election,1318,-0.013172582405164196,0.8151158639380698,1111,-0.0997423506150566,0.1778451815527705,0.574907922831905,2.50607958379448,10.344043813375196,0.8085688539753801,23.85180535293514
Y_unemployment,excl_indirect_election,1318,-0.013172582405164196,0.8151158639380698,864,0.23421829977097933,0.5934650898939623,0.6930921260709023,-11.794459309288818,56.01547340811249,0.8332328398148007,21.419575829046526
Y_trade_pct_gdp,excl_indirect_election,1318,-0.013172582405164196,0.8151158639380698,1088,-1.225584956238421,3.0060970835597165,0.683494138910072,-11.295875116998872,117.59930865658151,0.9234777449402627,23.733035204370413
Y_top10_share,excl_indirect_election,1318,-0.013172582405164196,0.8151158639380698,1124,-0.6077155406485184,0.5908758331328731,0.3037148927222956,17.807619575079798,58.62075010078217,0.7612979988475068,25.824062495666766
Y_gini_disp,excl_indirect_election,1318,-0.013172582405164196,0.8151158639380698,951,0.6410474065634606,0.333672278291544,0.05470792375401055,-9.252588217918923,12.280096426396673,0.45117223011038216,25.36439253182177
Y_gini_mkt,excl_indirect_election,1318,-0.013172582405164196,0.8151158639380698,951,0.6126268355716031,0.35649547373513724,0.08571089182173618,-10.892606885115475,16.72972423417722,0.5149864339084187,22.081068599708143
Y_gdp_growth,bermeo_Executive aggrandizement,1228,0.02299719929398549,0.4487828489415616,1101,-0.0691327508128892,0.03217825008765816,0.03167953035687136,-2.4383849975534004,7.211655033524899,0.735274828577359,17.360701277593797
Y_inflation,bermeo_Executive aggrandizement,1228,0.02299719929398549,0.4487828489415616,1035,-0.0688987105962463,0.18462975677209015,0.7090202124896976,4.435083067993873,45.68348800566633,0.9226606027683175,18.434139460678384
Y_unemployment,bermeo_Executive aggrandizement,1228,0.02299719929398549,0.4487828489415616,784,0.35224159225458035,0.5941665942113707,0.5532928892861242,1.2738274882341365,58.86386993548977,0.9827349447919868,18.711840173248497
Y_trade_pct_gdp,bermeo_Executive aggrandizement,1228,0.02299719929398549,0.4487828489415616,1011,-1.4819264489056643,2.7978169498068324,0.5963390796763446,-898.7520175105485,13486.464380181926,0.9468674728383684,18.419154334231933
Y_top10_share,bermeo_Executive aggrandizement,1228,0.02299719929398549,0.4487828489415616,1050,-0.9315681824509727,0.5388141215448697,0.08382285876685133,-28.440843833101383,84.14834217132835,0.735374792447631,18.914658708209053
Y_gini_disp,bermeo_Executive aggrandizement,1228,0.02299719929398549,0.4487828489415616,891,0.7811227874478979,0.34226775121323183,0.02247765137873062,30.805360676289023,67.33417796147374,0.6473119770044629,21.281769018765328
Y_gini_mkt,bermeo_Executive aggrandizement,1228,0.02299719929398549,0.4487828489415616,891,0.8132515155513699,0.3675023438670161,0.026903493916067955,36.119203302680155,99.31933333199548,0.71610639300968,23.040175985656795
Y_gdp_growth,bermeo_Other/unclear,1207,0.019558089571343792,0.12597447765219502,1079,-0.061085935300035046,0.03180191763048563,0.05475370669327072,-9.890769526942664,16.425706614076304,0.5470730672561026,9.644120767493574
Y_inflation,bermeo_Other/unclear,1207,0.019558089571343792,0.12597447765219502,1013,-0.07502713592119326,0.2045608084559654,0.7137892442777605,-23.01695812589193,59.72309729250685,0.6999450959878555,20.538917920287716
Y_unemployment,bermeo_Other/unclear,1207,0.019558089571343792,0.12597447765219502,762,0.4680537593920553,0.607422409543584,0.44096939127675877,45.930458863649264,129.3995301327434,0.7226264957863795,9.317789780195989
Y_trade_pct_gdp,bermeo_Other/unclear,1207,0.019558089571343792,0.12597447765219502,993,-0.7099164452706788,2.7976275603229,0.7996836077623143,-176.97495151107222,363.8667378264181,0.6267027406200734,10.435614063402328
Y_top10_share,bermeo_Other/unclear,1207,0.019558089571343792,0.12597447765219502,1028,-0.8027324173548896,0.5318498763499995,0.13121666013745584,-62.69507861654557,100.14084530447136,0.5312696861274675,10.510412080869271
Y_gini_disp,bermeo_Other/unclear,1207,0.019558089571343792,0.12597447765219502,868,0.6639770649278363,0.33139882483805405,0.045117332245299346,-91.25476588896034,134.13913721385694,0.4963149453103862,8.669661956092316
Y_gini_mkt,bermeo_Other/unclear,1207,0.019558089571343792,0.12597447765219502,868,0.7904220172377054,0.36809270724001447,0.031765829509467144,NA,NA,NA,6.025623409890232
Y_gdp_growth,bermeo_Open-ended coup,1221,0.007166879200580244,0.480358605689921,1094,-0.0624110626250257,0.031713712079763014,0.049073562618318516,-16.37353892455679,28.0265918276692,0.5590760650043998,12.194392792024692
Y_inflation,bermeo_Open-ended coup,1221,0.007166879200580244,0.480358605689921,1024,-0.10653370775220039,0.1949246599825034,0.5846962660893251,23.45398930713204,44.158658825821924,0.5953286832101928,12.5306450825583
Y_unemployment,bermeo_Open-ended coup,1221,0.007166879200580244,0.480358605689921,764,0.33168193119845346,0.6015323753946855,0.5813629422295314,NA,NA,NA,NA
Y_trade_pct_gdp,bermeo_Open-ended coup,1221,0.007166879200580244,0.480358605689921,1003,-1.0896530331394345,2.975231316914643,0.714184914549508,-332.1152771144023,1165.6926724177292,0.7757145550054856,11.818013134843095
Y_top10_share,bermeo_Open-ended coup,1221,0.007166879200580244,0.480358605689921,1035,-0.7964312637099786,0.5354759791817075,0.1369267994848283,-1177.7653124337935,9988.239786227017,0.9061348477951824,15.095882162587776
Y_gini_disp,bermeo_Open-ended coup,1221,0.007166879200580244,0.480358605689921,876,0.6166006051427211,0.3250913949577908,0.057867642702058776,83.87920371260381,151.17583337273624,0.5790004651084651,16.300500488563774
Y_gini_mkt,bermeo_Open-ended coup,1221,0.007166879200580244,0.480358605689921,876,0.7992876552695274,0.3598555660118436,0.026341844925721655,85.67448269969594,146.32927385402297,0.558217571321317,15.105858050318897
Y_gdp_growth,bermeo_Promissory coup,1214,-0.0010193113217102107,0.9263528323847299,1087,-0.06405963537666218,0.032049296727643235,0.04563168285983305,4.75946285388496,7.561179680806714,0.5290477149158228,15.730447545664951
Y_inflation,bermeo_Promissory coup,1214,-0.0010193113217102107,0.9263528323847299,1023,-0.06995470689849315,0.20371020565216352,0.7312952617693045,4.24942366153763,28.848052093183263,0.8828923436129685,18.85486904256112
Y_unemployment,bermeo_Promissory coup,1214,-0.0010193113217102107,0.9263528323847299,770,0.34820566360858135,0.5991356007587089,0.5611191060090044,-65.37769209384072,310.84496751378225,0.8334159720017456,21.79696524371491
Y_trade_pct_gdp,bermeo_Promissory coup,1214,-0.0010193113217102107,0.9263528323847299,1001,1.3755577254646116,2.616529443848742,0.5990838635187024,61.01207395719553,227.9128360793146,0.788930899196513,12.5965511990002
Y_top10_share,bermeo_Promissory coup,1214,-0.0010193113217102107,0.9263528323847299,1036,-0.791074781455787,0.5326690870172701,0.13751339789863035,125.12471272973016,370.4283852470349,0.7355261083802644,20.017444270935464
Y_gini_disp,bermeo_Promissory coup,1214,-0.0010193113217102107,0.9263528323847299,875,0.7329096447881809,0.34084946744310135,0.03153589100675965,-51.22911356180521,105.90868977277493,0.6285915529471862,16.819696601069168
Y_gini_mkt,bermeo_Promissory coup,1214,-0.0010193113217102107,0.9263528323847299,875,0.8272558021139171,0.3715683470938986,0.025988114781372227,-34.61343621796975,42.92897382897894,0.42007251412016544,13.107265368076341
Y_gdp_growth,bermeo_Strategic harassment,NA,NA,NA,1078,-0.06489430457852832,0.03212506077313577,0.043377957480364195,NA,NA,NA,NA
Y_inflation,bermeo_Strategic harassment,NA,NA,NA,1014,-0.08773339764253307,0.19796915863189007,0.6576449479770986,NA,NA,NA,NA
Y_unemployment,bermeo_Strategic harassment,NA,NA,NA,761,0.3495421540752306,0.5975679054813283,0.5585871798116389,NA,NA,NA,NA
Y_trade_pct_gdp,bermeo_Strategic harassment,NA,NA,NA,992,0.9347414561667442,2.605163722358824,0.7197422106099598,NA,NA,NA,NA
Y_top10_share,bermeo_Strategic harassment,NA,NA,NA,1027,-0.8353566411515088,0.5302417136820162,0.11515812118943713,NA,NA,NA,NA
Y_gini_disp,bermeo_Strategic harassment,NA,NA,NA,868,0.6635098684778549,0.3399959615033163,0.05099488749607511,NA,NA,NA,NA
Y_gini_mkt,bermeo_Strategic harassment,NA,NA,NA,868,0.7798908363099109,0.36971982863476216,0.0349091761429734,NA,NA,NA,NA
Y_gdp_growth,bermeo_Executive coup,NA,NA,NA,1079,-0.06428746427494367,0.03179404720631415,0.04317667411575491,NA,NA,NA,17.80279588356789
Y_inflation,bermeo_Executive coup,NA,NA,NA,1015,2.3020007122742658e-4,0.22266433989734263,0.9991751124131799,NA,NA,NA,17.54371939284939
Y_unemployment,bermeo_Executive coup,NA,NA,NA,759,0.3298017374779416,0.6020782017906333,0.5838482880525069,NA,NA,NA,14.970243472002569
Y_trade_pct_gdp,bermeo_Executive coup,NA,NA,NA,992,-0.05870156674123894,2.7400347120564135,0.9829077014929776,NA,NA,NA,20.770134070484538
Y_top10_share,bermeo_Executive coup,NA,NA,NA,1027,-0.8222097768429197,0.5352061254438197,0.12447736743027248,NA,NA,NA,23.95265975872434
Y_gini_disp,bermeo_Executive coup,NA,NA,NA,868,0.6582830240370304,0.3363113348585589,0.050304923896393565,NA,NA,NA,21.554815635499764
Y_gini_mkt,bermeo_Executive coup,NA,NA,NA,868,0.7819024651268207,0.3686156041110598,0.03390610586623724,NA,NA,NA,19.212410832233573
Y_gdp_growth,bermeo_Election-day fraud,1206,0.0170712175187801,0.3276741529574898,1079,-0.06480349547620583,0.03172998313354777,0.04111756162191728,NA,NA,NA,NA
Y_inflation,bermeo_Election-day fraud,1206,0.0170712175187801,0.3276741529574898,1015,-0.07600070153590266,0.20336167873757827,0.7086112720301578,NA,NA,NA,NA
Y_unemployment,bermeo_Election-day fraud,1206,0.0170712175187801,0.3276741529574898,762,0.32053686409714693,0.5931952827321891,0.5889512737404493,NA,NA,NA,NA
Y_trade_pct_gdp,bermeo_Election-day fraud,1206,0.0170712175187801,0.3276741529574898,993,0.0410520211693699,2.6906145381179805,0.9878267575584506,NA,NA,NA,NA
Y_top10_share,bermeo_Election-day fraud,1206,0.0170712175187801,0.3276741529574898,1028,-0.7524222844077453,0.5594137933002139,0.17861903910067745,NA,NA,NA,NA
Y_gini_disp,bermeo_Election-day fraud,1206,0.0170712175187801,0.3276741529574898,869,0.6620161117622028,0.334500736074273,0.04780282866350566,NA,NA,NA,NA
Y_gini_mkt,bermeo_Election-day fraud,1206,0.0170712175187801,0.3276741529574898,869,0.7773594294422564,0.3650235884148302,0.033203474976725766,NA,NA,NA,NA
