pair,row,col,n,n_treated,fs_coef,fs_se,fs_pval,fs_n,rf_coef,rf_se,rf_pval,late_coef,late_se,late_pval
R1 x R2,all,all,1347,173,-0.050462944442171004,0.061205218766481044,0.40966255385284633,1347,-0.053125954158510985,0.026745364453216368,0.04699323192751867,0.9120982418532466,1.3877580308611601,0.5110228321809134
R1 x R2,all,q20 (≥ 0.144),1077,170,-0.035154389913744866,0.07711406965652938,0.6484797428240701,1077,-0.07129685510338736,0.036759550084140835,0.052434833445990585,1.3429616174080086,4.979586345793856,0.7873961315210507
R1 x R2,all,q40 (≥ 0.405),809,147,-0.026481122896962223,0.09491383283555427,0.7802435024937049,809,-0.08259890302898712,0.04421676354194732,0.061755802012374315,-15.051111992339766,54.27918625926216,0.7815569220982667
R1 x R2,all,q60 (≥ 0.705),542,89,0.06156140308438671,0.11792827398523992,0.6016535390799712,542,-0.1593575848962559,0.08554486963132094,0.06248283926399296,-3.1620772053991804,3.9803559514422187,0.42695055093384965
R1 x R2,all,q80 (≥ 0.9),275,29,0.09873517407673149,0.1898681462438829,0.603049853268607,275,-0.27352539274730964,0.14318402642685213,0.05609374665103389,0.14312625754775343,28.370782952407794,0.9959748115892224
R1 x R2,q20 (≥ 0.018),all,1081,152,-0.071052420988930165,0.06544680079520541,0.27763318185118185,1081,-0.06471106403744502,0.035830020061891454,0.07090941259708605,0.5084938479692162,0.5503160309110502,0.35548457933896027
R1 x R2,q20 (≥ 0.018),q20 (≥ 0.144),991,151,-0.06077152664577612,0.07544592664201963,0.4205324852045276,991,-0.07168791618358314,0.03775380171547683,0.05758730213962605,0.592862760603603,0.7791654212174969,0.44672002487726636
R1 x R2,q20 (≥ 0.018),q40 (≥ 0.405),743,128,-0.06425571113845113,0.09958070088472296,0.5187569652854129,743,-0.08641315905503122,0.051603615393487824,0.09402132020541956,1.7358779488293496,9.074136340468149,0.8482909351901972
R1 x R2,q20 (≥ 0.018),q60 (≥ 0.705),505,77,0.01200525879702763,0.1311811960018744,0.9270821060628401,505,-0.1781826059043192,0.08844210713734366,0.043938116198453905,-3.685640803459373,6.474887617798696,0.5692062969250496
R1 x R2,q20 (≥ 0.018),q80 (≥ 0.9),258,28,0.09598835473386395,0.1994332931896505,0.6302993393473767,258,-0.28600585521580835,0.14689260302674706,0.05152987288473228,3.5022358252601737,54.86604777023568,0.9491036167273061
R1 x R2,q40 (≥ 0.09),all,810,126,-0.03812240710589945,0.08132379028330441,0.6392318135322073,810,-0.07769427421690876,0.04686706061262909,0.09736619446245136,1.2355250815348513,2.767456209460647,0.6552737210637817
R1 x R2,q40 (≥ 0.09),q20 (≥ 0.144),804,126,-0.044670964901434046,0.08172601997864852,0.5846575850030634,804,-0.08125746657445793,0.04727632762526155,0.08565497732692029,1.19524587476203,2.4627092888423694,0.6274367558031582
R1 x R2,q40 (≥ 0.09),q40 (≥ 0.405),653,115,-0.07810584189542266,0.10479186590117796,0.45606463370212086,653,-0.09685503950247118,0.0515886786387384,0.060456776462606984,1.857870558715017,5.095250874478542,0.715389195385778
R1 x R2,q40 (≥ 0.09),q60 (≥ 0.705),460,73,-0.008319160105013823,0.14420588866110298,0.9539959879836261,460,-0.18935595798334248,0.08933393633713513,0.03403625288501638,-4.921008320935834,8.256695323615038,0.5511737777868722
R1 x R2,q40 (≥ 0.09),q80 (≥ 0.9),239,25,0.09857210827157309,0.19546745997679743,0.6140582402719856,239,-0.29131627938575394,0.15072077101920178,0.05325824587976252,-1.2819885822087418,10.572618547913489,0.9034886332212806
R1 x R2,q60 (≥ 0.199),all,539,89,-0.0791614384316979,0.10095749862045747,0.43297757790562824,539,-0.06762748017404276,0.055238311274766604,0.22084443136729467,0.6632255182946202,1.3113443212217921,0.6130251342983857
R1 x R2,q60 (≥ 0.199),q20 (≥ 0.144),539,89,-0.0791614384316979,0.10095749862045747,0.43297757790562824,539,-0.06762748017404276,0.055238311274766604,0.22084443136729467,0.6632255182946202,1.3113443212217921,0.6130251342983857
R1 x R2,q60 (≥ 0.199),q40 (≥ 0.405),497,84,-0.07273045265372294,0.12399012286682429,0.5574840498022509,497,-0.08410224862807132,0.05766075373456036,0.14468348106582157,0.8395247117404439,2.183991841048612,0.7006825949879293
R1 x R2,q60 (≥ 0.199),q60 (≥ 0.705),358,52,-0.017192732322511423,0.17090811004387385,0.9198708930484997,358,-0.2124849259455135,0.10092962282236721,0.03526710611158623,-6.724920750493721,20.15801946394356,0.7386737261195218
R1 x R2,q60 (≥ 0.199),q80 (≥ 0.9),194,18,8.574464076441662e-4,0.17240920419280972,0.9960318798910393,194,-0.2951946224071207,0.18020233204877267,0.10139483704565548,25.49951256039239,65.22250388457438,0.6958254151031675
R1 x R2,q80 (≥ 0.437),all,271,43,-0.2654568010503577,0.20386126804816324,0.1928670402036326,271,-0.07521352964944585,0.09690321944395909,0.43764765544098677,0.3310715393813792,0.7420899391744454,0.6555004674736685
R1 x R2,q80 (≥ 0.437),q20 (≥ 0.144),271,43,-0.2654568010503577,0.20386126804816324,0.1928670402036326,271,-0.07521352964944585,0.09690321944395909,0.43764765544098677,0.3310715393813792,0.7420899391744454,0.6555004674736685
R1 x R2,q80 (≥ 0.437),q40 (≥ 0.405),271,43,-0.2654568010503577,0.20386126804816324,0.1928670402036326,271,-0.07521352964944585,0.09690321944395909,0.43764765544098677,0.3310715393813792,0.7420899391744454,0.6555004674736685
R1 x R2,q80 (≥ 0.437),q60 (≥ 0.705),235,33,-0.06087873865990151,0.1949664708904793,0.7548487501515051,235,-0.16492144521415927,0.12455476620107504,0.18547388991930888,1.1785802724135148,15.878635574147385,0.940831927514293
R1 x R2,q80 (≥ 0.437),q80 (≥ 0.9),143,13,0.11389075712397151,0.27844307941367036,0.6825197950659343,143,-0.33016054850211385,0.24268108736163904,0.17368096701026572,-1.2686428373981826,2.6839569729154915,0.6364441413341804
R1 x R3,all,all,1347,173,-0.050462944442171004,0.061205218766481044,0.40966255385284633,1347,-0.053125954158510985,0.026745364453216368,0.04699323192751867,0.9120982418532466,1.3877580308611601,0.5110228321809134
R1 x R3,all,q20 (≥ 0.254),1076,147,-0.07926670331633034,0.0656743101867723,0.22744498098562935,1076,-0.06465046687508262,0.03536152029745219,0.06750878469875335,0.61787811039802365,0.8270709242207595,0.45502259599456707
R1 x R3,all,q40 (≥ 0.834),808,113,-0.043959730430529975,0.08461877949251026,0.6034098514527184,808,-0.0612018024967203,0.051913872415059716,0.2384338683028287,0.8492617663968547,2.1890547358442625,0.6980469565375639
R1 x R3,all,q60 (≥ 1.44),538,65,0.010453831142840209,0.12561688608938587,0.9336766489216247,538,-0.11021630640339064,0.08376462402825932,0.18824593237091758,-9.732176073683533,121.01957378250856,0.9359046536874303
R1 x R3,all,q80 (≥ 2.09),269,41,0.06236886957415566,0.16432471984845762,0.7042820929508136,269,-0.07650261590372048,0.0806707258669322,0.3429605590907487,-1.175367980993553,1.586015108626348,0.4586434428894268
R1 x R3,q20 (≥ 0.018),all,1081,152,-0.071052420988930165,0.06544680079520541,0.27763318185118185,1081,-0.06471106403744502,0.035830020061891454,0.07090941259708605,0.5084938479692162,0.5503160309110502,0.35548457933896027
R1 x R3,q20 (≥ 0.018),q20 (≥ 0.254),1016,140,-0.08034324652678336,0.06767985832979137,0.235185342152602,1016,-0.06477349480469602,0.03760173250102071,0.08495727370118299,0.4996768806206928,0.6544441694570632,0.4451572851361819
R1 x R3,q20 (≥ 0.018),q40 (≥ 0.834),773,110,-0.04350067512115645,0.08513888230442593,0.6093945958907443,773,-0.06510774090077001,0.05304883525259734,0.21970344328215555,0.91506736489554,2.7170451391459096,0.7362769510256606
R1 x R3,q20 (≥ 0.018),q60 (≥ 1.44),508,63,0.0026082853704029185,0.12487490500241284,0.9833356484677401,508,-0.09338181570922141,0.07806852506039377,0.23163728171745698,0.4258482576871132,18.43558688162184,0.9815711027548373
R1 x R3,q20 (≥ 0.018),q80 (≥ 2.09),255,39,0.048338135316261716,0.1623997564359318,0.7659710240258597,255,-0.0799245883552856,0.08231791779589376,0.3315852405171422,-1.5908856607787318,2.6357054655874346,0.5461162127522471
R1 x R3,q40 (≥ 0.09),all,810,126,-0.03812240710589945,0.08132379028330441,0.6392318135322073,810,-0.07769427421690876,0.04686706061262909,0.09736619446245136,1.2355250815348513,2.767456209460647,0.6552737210637817
R1 x R3,q40 (≥ 0.09),q20 (≥ 0.254),809,126,-0.03652768652141092,0.08151564777925525,0.6540763823597087,809,-0.06919953977244996,0.04566882455971993,0.12970991808687543,0.856324874648843,1.781093222843414,0.6306685261814815
R1 x R3,q40 (≥ 0.09),q40 (≥ 0.834),691,106,-0.05310974067037044,0.08393639196993362,0.5269047824042579,691,-0.08028839598129511,0.057701518801418196,0.1640910197591846,0.8956737168953196,3.0507826950735657,0.7690726144890832
R1 x R3,q40 (≥ 0.09),q60 (≥ 1.44),470,63,0.006306002141577921,0.12929910884358226,0.9611020687926175,470,-0.10019936948921054,0.078822942281261,0.2036591072463304,0.6149509256829179,9.625723499661586,0.9490608382334449
R1 x R3,q40 (≥ 0.09),q80 (≥ 2.09),238,39,0.08182514073218863,0.17547394494238977,0.6409940890209755,238,-0.09312071023799826,0.08269109260707122,0.26011157156003384,-1.984036129799727,2.873792280991521,0.4899492531051076
R1 x R3,q60 (≥ 0.199),all,539,89,-0.0791614384316979,0.10095749862045747,0.43297757790562824,539,-0.06762748017404276,0.055238311274766604,0.22084443136729467,0.6632255182946202,1.3113443212217921,0.6130251342983857
R1 x R3,q60 (≥ 0.199),q20 (≥ 0.254),539,89,-0.0791614384316979,0.10095749862045747,0.43297757790562824,539,-0.06762748017404276,0.055238311274766604,0.22084443136729467,0.6632255182946202,1.3113443212217921,0.6130251342983857
R1 x R3,q60 (≥ 0.199),q40 (≥ 0.834),523,83,-0.03920663762690371,0.11002313828793846,0.7215792020172955,523,-0.07058823679320066,0.06203660903308959,0.2551839222799839,0.400788105871438,7.514045624443838,0.9574621858427261
R1 x R3,q60 (≥ 0.199),q60 (≥ 1.44),401,56,-0.03642737357387826,0.1378832033499274,0.7916334599237044,401,-0.060040008693321406,0.07714041261372005,0.43637975556995245,0.3245452283388935,3.3584756832648512,0.9230165134333295
R1 x R3,q60 (≥ 0.199),q80 (≥ 2.09),208,34,0.01824236173957869,0.19702430313307548,0.9262297662472829,208,-0.013485167080902277,0.07827936332141153,0.8632254574573444,-1.7369899426176247,3.854255001416669,0.6522287461811024
R1 x R3,q80 (≥ 0.437),all,271,43,-0.2654568010503577,0.20386126804816324,0.1928670402036326,271,-0.07521352964944585,0.09690321944395909,0.43764765544098677,0.3310715393813792,0.7420899391744454,0.6555004674736685
R1 x R3,q80 (≥ 0.437),q20 (≥ 0.254),271,43,-0.2654568010503577,0.20386126804816324,0.1928670402036326,271,-0.07521352964944585,0.09690321944395909,0.43764765544098677,0.3310715393813792,0.7420899391744454,0.6555004674736685
R1 x R3,q80 (≥ 0.437),q40 (≥ 0.834),271,43,-0.2654568010503577,0.20386126804816324,0.1928670402036326,271,-0.07521352964944585,0.09690321944395909,0.43764765544098677,0.3310715393813792,0.7420899391744454,0.6555004674736685
R1 x R3,q80 (≥ 0.437),q60 (≥ 1.44),259,39,-0.23156743016526446,0.21803450229210208,0.28820489432828494,259,-0.07602902248975263,0.10349267717330309,0.46256370229570276,0.30011523763210207,0.9110053884682259,0.7418284285675285
R1 x R3,q80 (≥ 0.437),q80 (≥ 2.09),160,26,-0.23651248386625223,0.3330331389274141,0.4775943661675017,160,0.04297520462434347,0.0679434178208602,0.5270506628335538,0.31082352306917516,2.3498410132095002,0.8947673518931437
R2 x R4,all,all,1347,173,-0.050462944442171004,0.061205218766481044,0.40966255385284633,1347,-0.053125954158510985,0.026745364453216368,0.04699323192751867,0.9120982418532466,1.3877580308611601,0.5110228321809134
R2 x R4,all,no prior episode,1240,161,-0.05421087908968378,0.06386888574103011,0.39600157521601054,1240,-0.04146400888166331,0.029943113467918305,0.16612603858615346,0.6893009887633128,0.938253570383001,0.46254423604922085
R2 x R4,q20 (≥ 0.144),all,1077,170,-0.035154389913744866,0.07711406965652938,0.6484797428240701,1077,-0.07129685510338736,0.036759550084140835,0.052434833445990585,1.3429616174080086,4.979586345793856,0.7873961315210507
R2 x R4,q20 (≥ 0.144),no prior episode,972,158,-0.036744131268139635,0.08492974288294383,0.6652752360695409,972,-0.046052368874564986,0.040093281159362816,0.2507083410973808,0.7734178456886243,1.8563234713938872,0.6769420486364515
R2 x R4,q40 (≥ 0.405),all,809,147,-0.026481122896962223,0.09491383283555427,0.7802435024937049,809,-0.08259890302898712,0.04421676354194732,0.061755802012374315,-15.051111992339766,54.27918625926216,0.7815569220982667
R2 x R4,q40 (≥ 0.405),no prior episode,715,136,-0.036389602822912176,0.1147831892113906,0.751221576875237,715,-0.05415625226468376,0.055153911974007694,0.32614352276594755,1.24710502424477,9.992109894639116,0.9006747795393087
R2 x R4,q60 (≥ 0.705),all,542,89,0.06156140308438671,0.11792827398523992,0.6016535390799712,542,-0.1593575848962559,0.08554486963132094,0.06248283926399296,-3.1620772053991804,3.9803559514422187,0.42695055093384965
R2 x R4,q60 (≥ 0.705),no prior episode,476,81,0.04261979731001683,0.13568175983808795,0.7534330182745478,476,-0.11895544999609035,0.09628818885014159,0.2166777265464511,-1.012186170727609,1.1793348170593485,0.390744103720186
R2 x R4,q80 (≥ 0.9),all,275,29,0.09873517407673149,0.1898681462438829,0.603049853268607,275,-0.27352539274730964,0.14318402642685213,0.05609374665103389,0.14312625754775343,28.370782952407794,0.9959748115892224
R2 x R4,q80 (≥ 0.9),no prior episode,248,28,0.0468616395969805,0.23472465677269752,0.8417581130080336,248,-0.3089247083692248,0.19233746709098626,0.1082388026965847,3.33353466793434,8.329086766011734,0.6889885110443287
R2 x R5,all,both,1347,173,-0.050462944442171004,0.061205218766481044,0.40966255385284633,1347,-0.053125954158510985,0.026745364453216368,0.04699323192751867,0.9120982418532466,1.3877580308611601,0.5110228321809134
R2 x R5,all,presidential,397,68,-0.1921403253206318,0.15300442878647608,0.20919474040429883,397,-0.04489248181406952,0.03873323923412539,0.24644926537332176,0.22330737326747074,0.39443898628532326,0.5712991553521692
R2 x R5,all,parliamentary,950,105,0.0023893033339565384,0.06516856829293531,0.9707533665313526,950,-0.06198618244142129,0.03745739120165495,0.09795591125769221,4.439621339424483,21.242096561523677,0.8344473875575996
R2 x R5,q20 (≥ 0.144),both,1077,170,-0.035154389913744866,0.07711406965652938,0.6484797428240701,1077,-0.07129685510338736,0.036759550084140835,0.052434833445990585,1.3429616174080086,4.979586345793856,0.7873961315210507
R2 x R5,q20 (≥ 0.144),presidential,355,67,-0.22410196908851193,0.17282588999049486,0.19473714292009084,355,-0.060473030035917696,0.04260412532752662,0.15577740881713512,0.2727401484919463,0.41278915865448507,0.5087886389974927
R2 x R5,q20 (≥ 0.144),parliamentary,722,103,0.07782596151278852,0.09889264957658235,0.4312969828510917,722,-0.06720665125996972,0.054665200514348554,0.21891327555277615,-1.1821557982572954,2.8307878266145257,0.6762347398183991
R2 x R5,q40 (≥ 0.405),both,809,147,-0.026481122896962223,0.09491383283555427,0.7802435024937049,809,-0.08259890302898712,0.04421676354194732,0.061755802012374315,-15.051111992339766,54.27918625926216,0.7815569220982667
R2 x R5,q40 (≥ 0.405),presidential,285,56,-0.2909396569213831,0.25075767058111403,0.2459501685186743,285,-0.0813755649335911,0.04121990020925326,0.04836110739859471,0.3299688651243368,0.7804721656481662,0.672454992941597
R2 x R5,q40 (≥ 0.405),parliamentary,524,91,0.1123548254518035,0.13368771048797748,0.40066874756862464,524,-0.07601365498434912,0.0622309836738592,0.22190583519240567,-0.8595552983922338,1.2801434099051698,0.5019324063137027
R2 x R5,q60 (≥ 0.705),both,542,89,0.06156140308438671,0.11792827398523992,0.6016535390799712,542,-0.1593575848962559,0.08554486963132094,0.06248283926399296,-3.1620772053991804,3.9803559514422187,0.42695055093384965
R2 x R5,q60 (≥ 0.705),presidential,189,36,-0.5401660164241284,0.32642235087924243,0.0979636379239318,189,-0.07328690008579195,0.05482099436352604,0.18127485754008124,0.10204913557992855,0.2755627189432117,0.7111366400860447
R2 x R5,q60 (≥ 0.705),parliamentary,353,53,0.16880030140444585,0.17611580221073606,0.33782985182457526,353,-0.1940920275338006,0.11619104251786913,0.09482917211494041,-2.4922276604218045,2.730883126121454,0.3614483845804493
R2 x R5,q80 (≥ 0.9),both,275,29,0.09873517407673149,0.1898681462438829,0.603049853268607,275,-0.27352539274730964,0.14318402642685213,0.05609374665103389,0.14312625754775343,28.370782952407794,0.9959748115892224
R2 x R5,q80 (≥ 0.9),presidential,86,11,-0.8341000053567047,0.6763147975624105,0.21746332546546482,86,-0.13603664332562418,0.1760423834519329,0.4396707142565624,0.14908046990034787,0.29521764484512375,0.613569401169887
R2 x R5,q80 (≥ 0.9),parliamentary,189,18,0.06000401687644089,0.12821294901895977,0.6397825999782258,189,-0.38723341184105575,0.2497237444783039,0.1209862670313641,-27.72294414999816,226.56002232535837,0.9026102112276082
