score_y,score_x,vocab,is_plotted,group,decade,decade_start,tag,n_party_years,n_parties,mean_antiplural,mean_popul,tag_rank
v2pariglef,v2xpa_antiplural,rile_wikipedia,TRUE,OECD,1990s,1990,left_wing,77,35,-1.7986363636363636,0.12554545454545454,5
v2pariglef,v2xpa_antiplural,rile_wikipedia,TRUE,OECD,1990s,1990,centre_left,179,81,-0.9534748603351956,0.09929608938547486,1
v2pariglef,v2xpa_antiplural,rile_wikipedia,TRUE,OECD,2000s,2000,left_wing,87,39,-1.8332413793103448,0.146,5
v2pariglef,v2xpa_antiplural,rile_wikipedia,TRUE,OECD,2000s,2000,centre_left,176,79,-0.8133920454545455,0.08918181818181818,1
v2pariglef,v2xpa_antiplural,rile_wikipedia,TRUE,OECD,2010s,2010,left_wing,109,52,-1.8209449541284404,0.1756605504587156,5
v2pariglef,v2xpa_antiplural,rile_wikipedia,TRUE,OECD,2010s,2010,centre_left,199,87,-0.9494422110552764,0.10891959798994974,1
v2pariglef,v2xpa_antiplural,rile_wikipedia,TRUE,OECD,1970s,1970,centre_right,136,53,1.0183088235294118,0.12163970588235294,1
v2pariglef,v2xpa_antiplural,rile_wikipedia,TRUE,OECD,1970s,1970,right_wing,45,18,1.4699777777777778,0.19104444444444446,5
v2pariglef,v2xpa_antiplural,rile_wikipedia,TRUE,OECD,1980s,1980,centre_right,123,49,1.068211382113821,0.10889430894308944,1
v2pariglef,v2xpa_antiplural,rile_wikipedia,TRUE,OECD,1980s,1980,right_wing,47,19,1.6655531914893618,0.21821276595744682,5
v2pariglef,v2xpa_antiplural,rile_wikipedia,TRUE,OECD,1990s,1990,centre_right,173,77,1.087635838150289,0.13122543352601157,2
v2pariglef,v2xpa_antiplural,rile_wikipedia,TRUE,OECD,1990s,1990,right_wing,95,42,1.3921578947368423,0.2324315789473684,4
v2pariglef,v2xpa_antiplural,rile_wikipedia,TRUE,OECD,2000s,2000,centre_right,157,73,1.163248407643312,0.12137579617834394,2
v2pariglef,v2xpa_antiplural,rile_wikipedia,TRUE,OECD,2000s,2000,right_wing,103,44,1.4601650485436892,0.22902912621359225,4
v2pariglef,v2xpa_antiplural,rile_wikipedia,TRUE,OECD,2010s,2010,centre_right,186,85,1.2084623655913977,0.13842473118279572,2
v2pariglef,v2xpa_antiplural,rile_wikipedia,TRUE,OECD,2010s,2010,right_wing,136,61,1.3418382352941176,0.31882352941176473,3
v2pariglef,v2xpa_antiplural,rile_wikipedia,TRUE,OECD,2000s,2000,far_left,25,11,-2.8636399999999997,0.29208,7
v2pariglef,v2xpa_antiplural,rile_wikipedia,TRUE,OECD,2010s,2010,far_left,27,13,-2.917851851851852,0.22962962962962963,7
v2pariglef,v2xpa_antiplural,rile_wikipedia,TRUE,OECD,2000s,2000,centre,93,46,-0.03378494623655914,0.11144086021505378,3
v2pariglef,v2xpa_antiplural,rile_wikipedia,TRUE,OECD,2010s,2010,centre,118,58,0.09466949152542374,0.11329661016949151,4
v2pariglef,v2xpa_antiplural,rile_wikipedia,TRUE,OECD,1970s,1970,centre,90,35,-0.03922222222222217,0.1459,3
v2pariglef,v2xpa_antiplural,rile_wikipedia,TRUE,OECD,1980s,1980,centre,81,36,0.030061728395061695,0.1375679012345679,3
v2pariglef,v2xpa_antiplural,rile_wikipedia,TRUE,OECD,1990s,1990,centre,103,49,0.0884368932038835,0.12467961165048543,3
v2pariglef,v2xpa_antiplural,rile_wikipedia,TRUE,OECD,1970s,1970,far_left,25,12,-2.88404,0.48328,7
v2pariglef,v2xpa_antiplural,rile_wikipedia,TRUE,OECD,1980s,1980,left_wing,50,22,-2.00014,0.2592,4
v2pariglef,v2xpa_antiplural,rile_wikipedia,TRUE,OECD,2010s,2010,far_right,73,35,1.5374931506849314,0.4879178082191781,6
v2pariglef,v2xpa_antiplural,rile_wikipedia,TRUE,OECD,1980s,1980,centre_left,112,43,-1.0115446428571429,0.11278571428571428,2
v2pariglef,v2xpa_antiplural,rile_wikipedia,TRUE,OECD,1970s,1970,centre_left,116,45,-1.182560344827586,0.1222413793103448,2
v2pariglef,v2xpa_antiplural,rile_wikipedia,TRUE,OECD,1970s,1970,left_wing,48,21,-2.2538125,0.27297916666666666,4
v2pariglef,v2xpa_antiplural,rile_wikipedia,TRUE,OECD,1970s,1970,far_right,30,12,1.8024333333333333,0.44306666666666666,6
v2pariglef,v2xpa_antiplural,rile_wikipedia,TRUE,OECD,1980s,1980,far_right,21,10,1.932047619047619,0.43861904761904763,7
v2pariglef,v2xpa_antiplural,rile_wikipedia,TRUE,OECD,1990s,1990,far_right,49,23,1.5570000000000002,0.4293673469387755,6
v2pariglef,v2xpa_antiplural,rile_wikipedia,TRUE,OECD,2000s,2000,far_right,45,22,1.6488666666666665,0.41113333333333335,6
v2pariglef,v2xpa_antiplural,rile_wikipedia,TRUE,Non-OECD,1990s,1990,centre_left,279,144,-0.6579534050179211,0.4197670250896057,1
v2pariglef,v2xpa_antiplural,rile_wikipedia,TRUE,Non-OECD,2000s,2000,centre_left,306,173,-0.48685620915032674,0.4177875816993464,1
v2pariglef,v2xpa_antiplural,rile_wikipedia,TRUE,Non-OECD,2010s,2010,centre_left,281,168,-0.4431992882562278,0.4377330960854093,2
v2pariglef,v2xpa_antiplural,rile_wikipedia,TRUE,Non-OECD,1990s,1990,centre_right,238,125,0.7360084033613447,0.5136050420168067,2
v2pariglef,v2xpa_antiplural,rile_wikipedia,TRUE,Non-OECD,2000s,2000,centre_right,308,162,0.7248993506493506,0.4990811688311688,2
v2pariglef,v2xpa_antiplural,rile_wikipedia,TRUE,Non-OECD,2010s,2010,centre_right,315,179,0.7791111111111111,0.49684761904761904,1
v2pariglef,v2xpa_antiplural,rile_wikipedia,TRUE,Non-OECD,1970s,1970,left_wing,63,45,-1.8094920634920635,0.6577777777777778,3
v2pariglef,v2xpa_antiplural,rile_wikipedia,TRUE,Non-OECD,2000s,2000,centre,187,105,0.21048128342245986,0.3776524064171123,3
v2pariglef,v2xpa_antiplural,rile_wikipedia,TRUE,Non-OECD,2010s,2010,centre,197,126,0.1909137055837563,0.4024467005076142,3
v2pariglef,v2xpa_antiplural,rile_wikipedia,TRUE,Non-OECD,1990s,1990,centre,155,86,0.11872903225806448,0.38451612903225807,3
v2pariglef,v2xpa_antiplural,rile_wikipedia,TRUE,Non-OECD,1970s,1970,centre_right,89,50,0.8135730337078652,0.7341910112359551,2
v2pariglef,v2xpa_antiplural,rile_wikipedia,TRUE,Non-OECD,1970s,1970,far_right,40,20,1.21475,0.920125,6
v2pariglef,v2xpa_antiplural,rile_wikipedia,TRUE,Non-OECD,1980s,1980,centre_right,120,63,1.0047083333333335,0.6355416666666667,2
v2pariglef,v2xpa_antiplural,rile_wikipedia,TRUE,Non-OECD,1980s,1980,far_right,35,16,1.4057714285714284,0.8458,7
v2pariglef,v2xpa_antiplural,rile_wikipedia,TRUE,Non-OECD,1990s,1990,far_right,48,21,1.1773333333333333,0.7437083333333333,7
v2pariglef,v2xpa_antiplural,rile_wikipedia,TRUE,Non-OECD,1990s,1990,right_wing,151,73,0.9975496688741722,0.5899271523178807,4
v2pariglef,v2xpa_antiplural,rile_wikipedia,TRUE,Non-OECD,2000s,2000,right_wing,175,97,0.9276285714285715,0.5796742857142857,4
v2pariglef,v2xpa_antiplural,rile_wikipedia,TRUE,Non-OECD,2010s,2010,far_left,53,28,-1.4446037735849058,0.6623584905660377,7
v2pariglef,v2xpa_antiplural,rile_wikipedia,TRUE,Non-OECD,1970s,1970,centre_left,96,61,-0.9382916666666667,0.6014479166666666,1
v2pariglef,v2xpa_antiplural,rile_wikipedia,TRUE,Non-OECD,1980s,1980,centre_left,148,75,-0.6539121621621621,0.5474054054054054,1
v2pariglef,v2xpa_antiplural,rile_wikipedia,TRUE,OECD,1980s,1980,far_left,24,12,-2.7732083333333333,0.40837500000000004,6
v2pariglef,v2xpa_antiplural,rile_wikipedia,TRUE,OECD,1990s,1990,far_left,25,13,-2.79316,0.24396,7
v2pariglef,v2xpa_antiplural,rile_wikipedia,TRUE,Non-OECD,1970s,1970,far_left,31,17,-2.5805806451612905,0.915,7
v2pariglef,v2xpa_antiplural,rile_wikipedia,TRUE,Non-OECD,1970s,1970,big_tent,17,11,-0.9214117647058824,0.8590588235294118,8
v2pariglef,v2xpa_antiplural,rile_wikipedia,TRUE,Non-OECD,1980s,1980,far_left,38,21,-2.252,0.8726842105263158,6
v2pariglef,v2xpa_antiplural,rile_wikipedia,TRUE,Non-OECD,1980s,1980,big_tent,22,11,-0.3282272727272727,0.8296363636363636,8
v2pariglef,v2xpa_antiplural,rile_wikipedia,TRUE,Non-OECD,2000s,2000,far_right,51,26,1.1423529411764706,0.7519803921568627,7
v2pariglef,v2xpa_antiplural,rile_wikipedia,TRUE,Non-OECD,2010s,2010,far_right,45,29,1.0890222222222221,0.7135777777777778,6
v2pariglef,v2xpa_antiplural,rile_wikipedia,TRUE,Non-OECD,1990s,1990,left_wing,132,72,-1.181659090909091,0.48300757575757575,5
v2pariglef,v2xpa_antiplural,rile_wikipedia,TRUE,Non-OECD,1990s,1990,far_left,54,28,-1.8896666666666666,0.7016481481481481,6
v2pariglef,v2xpa_antiplural,rile_wikipedia,TRUE,Non-OECD,2000s,2000,far_left,58,29,-1.6645172413793103,0.6662931034482759,6
v2pariglef,v2xpa_antiplural,rile_wikipedia,TRUE,Non-OECD,2010s,2010,right_wing,161,103,0.9405217391304348,0.6017453416149069,4
v2pariglef,v2xpa_antiplural,rile_wikipedia,TRUE,Non-OECD,2000s,2000,big_tent,28,15,0.18289285714285722,0.6542857142857142,8
v2pariglef,v2xpa_antiplural,rile_wikipedia,TRUE,Non-OECD,2010s,2010,big_tent,40,24,0.009199999999999974,0.7105,8
v2pariglef,v2xpa_antiplural,rile_wikipedia,TRUE,Non-OECD,1970s,1970,centre,45,28,-0.2720666666666667,0.5321777777777777,5
v2pariglef,v2xpa_antiplural,rile_wikipedia,TRUE,Non-OECD,1980s,1980,centre,64,32,0.14657812500000011,0.453625,5
v2pariglef,v2xpa_antiplural,rile_wikipedia,TRUE,Non-OECD,1980s,1980,right_wing,72,35,1.20475,0.708375,4
v2pariglef,v2xpa_antiplural,rile_wikipedia,TRUE,Non-OECD,1980s,1980,left_wing,90,49,-1.4271666666666667,0.6228888888888888,3
v2pariglef,v2xpa_antiplural,rile_wikipedia,TRUE,Non-OECD,1970s,1970,right_wing,55,33,0.8226181818181819,0.8233636363636364,4
v2pariglef,v2xpa_antiplural,rile_wikipedia,TRUE,Non-OECD,2000s,2000,left_wing,144,79,-1.014375,0.4819097222222222,5
v2pariglef,v2xpa_antiplural,rile_wikipedia,TRUE,Non-OECD,2010s,2010,left_wing,117,65,-0.8787777777777777,0.5360256410256411,5
v2pariglef,v2xpa_antiplural,rile_wikipedia,TRUE,Non-OECD,1990s,1990,big_tent,22,11,-0.05836363636363637,0.65309090909090906,8
v2pariglef,v2xpa_antiplural,rile_wikidata,TRUE,OECD,1990s,1990,centre_left,114,46,-0.990640350877193,0.07396491228070176,2
v2pariglef,v2xpa_antiplural,rile_wikidata,TRUE,OECD,2000s,2000,centre_left,127,53,-0.893259842519685,0.0805748031496063,2
v2pariglef,v2xpa_antiplural,rile_wikidata,TRUE,OECD,2010s,2010,centre_left,148,62,-0.9469729729729729,0.11543918918918919,2
v2pariglef,v2xpa_antiplural,rile_wikidata,TRUE,OECD,2000s,2000,centre_right,126,55,1.1295079365079366,0.09713492063492064,1
v2pariglef,v2xpa_antiplural,rile_wikidata,TRUE,OECD,2010s,2010,centre_right,157,72,1.1279044585987261,0.11767515923566879,1
v2pariglef,v2xpa_antiplural,rile_wikidata,TRUE,OECD,1970s,1970,right_wing,37,13,1.4365405405405407,0.13413513513513514,4
v2pariglef,v2xpa_antiplural,rile_wikidata,TRUE,OECD,1980s,1980,right_wing,47,18,1.5421063829787234,0.2114468085106383,4
v2pariglef,v2xpa_antiplural,rile_wikidata,TRUE,OECD,1990s,1990,right_wing,73,31,1.537876712328767,0.27835616438356164,4
v2pariglef,v2xpa_antiplural,rile_wikidata,TRUE,OECD,2000s,2000,right_wing,73,31,1.6251643835616438,0.2751917808219178,4
v2pariglef,v2xpa_antiplural,rile_wikidata,TRUE,OECD,2010s,2010,right_wing,101,45,1.4955742574257427,0.3906633663366337,4
v2pariglef,v2xpa_antiplural,rile_wikidata,TRUE,OECD,1970s,1970,centrism,70,28,0.12187142857142857,0.1415428571428571,2
v2pariglef,v2xpa_antiplural,rile_wikidata,TRUE,OECD,1980s,1980,centrism,68,30,0.22517647058823526,0.10536764705882351,2
v2pariglef,v2xpa_antiplural,rile_wikidata,TRUE,OECD,1990s,1990,centrism,78,35,0.20520512820512818,0.07833333333333332,3
v2pariglef,v2xpa_antiplural,rile_wikidata,TRUE,OECD,2000s,2000,centrism,82,35,0.055963414634146356,0.07875609756097561,3
v2pariglef,v2xpa_antiplural,rile_wikidata,TRUE,OECD,2010s,2010,centrism,118,62,0.1405423728813559,0.08069491525423729,3
v2pariglef,v2xpa_antiplural,rile_wikidata,TRUE,OECD,2010s,2010,left_wing,61,28,-2.2107704918032787,0.13177049180327868,5
v2pariglef,v2xpa_antiplural,rile_wikidata,TRUE,OECD,1980s,1980,centre_left,67,26,-1.0983283582089551,0.060223880597014924,3
v2pariglef,v2xpa_antiplural,rile_wikidata,TRUE,OECD,1970s,1970,centre_left,66,26,-1.3658181818181818,0.08424242424242424,3
v2pariglef,v2xpa_antiplural,rile_wikidata,TRUE,OECD,1990s,1990,centre_right,115,46,1.097904347826087,0.11000869565217392,1
v2pariglef,v2xpa_antiplural,rile_wikidata,TRUE,OECD,1970s,1970,centre_right,79,29,1.0826835443037974,0.05489873417721519,1
v2pariglef,v2xpa_antiplural,rile_wikidata,TRUE,OECD,1980s,1980,centre_right,93,35,1.029043010752688,0.08176344086021504,1
v2pariglef,v2xpa_antiplural,rile_wikidata,TRUE,OECD,1980s,1980,radical_left,15,6,-2.8274,0.19133333333333333,6
v2pariglef,v2xpa_antiplural,rile_wikidata,TRUE,OECD,1990s,1990,radical_left,22,10,-2.6411363636363636,0.17527272727272727,7
v2pariglef,v2xpa_antiplural,rile_wikidata,TRUE,OECD,2000s,2000,radical_left,21,9,-2.725952380952381,0.19071428571428573,6
v2pariglef,v2xpa_antiplural,rile_wikidata,TRUE,OECD,2010s,2010,radical_left,19,9,-2.663,0.16826315789473684,7
v2pariglef,v2xpa_antiplural,rile_wikidata,TRUE,OECD,1970s,1970,left_wing,26,11,-2.5934615384615385,0.19976923076923075,5
v2pariglef,v2xpa_antiplural,rile_wikidata,TRUE,OECD,1980s,1980,left_wing,25,9,-2.38528,0.12424,5
v2pariglef,v2xpa_antiplural,rile_wikidata,TRUE,OECD,1990s,1990,left_wing,37,17,-2.0718648648648648,0.08194594594594594,5
v2pariglef,v2xpa_antiplural,rile_wikidata,TRUE,OECD,2000s,2000,left_wing,50,20,-2.11394,0.10856,5
v2pariglef,v2xpa_antiplural,rile_wikidata,TRUE,Non-OECD,1990s,1990,centre_left,111,57,-0.7488018018018018,0.39723423423423426,1
v2pariglef,v2xpa_antiplural,rile_wikidata,TRUE,Non-OECD,2000s,2000,centre_left,138,69,-0.5647028985507246,0.40069565217391306,2
v2pariglef,v2xpa_antiplural,rile_wikidata,TRUE,Non-OECD,2010s,2010,centre_left,136,80,-0.5268455882352941,0.4277941176470588,2
v2pariglef,v2xpa_antiplural,rile_wikidata,TRUE,Non-OECD,1990s,1990,centre_right,102,53,0.8059411764705882,0.45552941176470585,2
v2pariglef,v2xpa_antiplural,rile_wikidata,TRUE,Non-OECD,2000s,2000,centre_right,129,70,0.7992713178294573,0.46234108527131784,1
v2pariglef,v2xpa_antiplural,rile_wikidata,TRUE,Non-OECD,2010s,2010,centre_right,150,86,0.8285466666666667,0.5005066666666667,1
v2pariglef,v2xpa_antiplural,rile_wikidata,TRUE,Non-OECD,2000s,2000,centrism,88,46,0.3614204545454546,0.3231931818181818,3
v2pariglef,v2xpa_antiplural,rile_wikidata,TRUE,Non-OECD,2010s,2010,centrism,122,77,0.40592622950819673,0.3961065573770492,3
v2pariglef,v2xpa_antiplural,rile_wikidata,TRUE,Non-OECD,1990s,1990,right_wing,64,28,0.9217968749999998,0.6038125,5
v2pariglef,v2xpa_antiplural,rile_wikidata,TRUE,Non-OECD,2000s,2000,right_wing,66,32,0.7897878787878787,0.6244999999999999,4
v2pariglef,v2xpa_antiplural,rile_wikidata,TRUE,Non-OECD,2010s,2010,left_wing,53,31,-1.22188679245283,0.6667547169811321,5
v2pariglef,v2xpa_antiplural,rile_wikidata,TRUE,Non-OECD,1990s,1990,right_wing_extremism,16,7,0.8678125000000001,0.9159375,7
v2pariglef,v2xpa_antiplural,rile_wikidata,TRUE,Non-OECD,2000s,2000,right_wing_extremism,16,8,0.6279375,0.885625,7
v2pariglef,v2xpa_antiplural,rile_wikidata,TRUE,Non-OECD,2010s,2010,right_wing_extremism,16,12,1.0798125,0.807375,6
v2pariglef,v2xpa_antiplural,rile_wikidata,TRUE,Non-OECD,1990s,1990,centrism,73,42,0.11449315068493149,0.3175205479452055,3
v2pariglef,v2xpa_antiplural,rile_wikidata,TRUE,Non-OECD,1990s,1990,left_wing,63,30,-1.8934920634920636,0.6464444444444445,4
v2pariglef,v2xpa_antiplural,rile_wikidata,TRUE,Non-OECD,2000s,2000,left_wing,65,30,-1.4299076923076923,0.5964307692307692,5
v2pariglef,v2xpa_antiplural,rile_wikidata,TRUE,Non-OECD,2010s,2010,right_wing,74,48,0.9028513513513513,0.6635405405405406,4
v2pariglef,v2xpa_antiplural,rile_wikidata,TRUE,Non-OECD,1970s,1970,left_wing,31,17,-2.6536451612903225,0.8102903225806452,3
v2pariglef,v2xpa_antiplural,rile_wikidata,TRUE,Non-OECD,1980s,1980,left_wing,33,19,-2.3495151515151513,0.8022424242424242,3
v2pariglef,v2xpa_antiplural,rile_wikidata,TRUE,Non-OECD,1980s,1980,centre_right,56,30,0.9624464285714285,0.5658928571428572,2
v2pariglef,v2xpa_antiplural,rile_wikidata,TRUE,Non-OECD,1980s,1980,right_wing,37,17,1.2526486486486486,0.6592432432432432,4
v2pariglef,v2xpa_antiplural,rile_wikidata,TRUE,OECD,2010s,2010,right_wing_extremism,21,14,1.5255714285714286,0.6477619047619048,6
v2pariglef,v2xpa_antiplural,rile_wikidata,TRUE,OECD,1990s,1990,right_wing_extremism,18,11,1.5443333333333333,0.6216111111111111,6
v2pariglef,v2xpa_antiplural,rile_wikidata,TRUE,Non-OECD,1980s,1980,centre_left,57,30,-0.9126491228070176,0.5584385964912281,1
v2pariglef,v2xpa_antiplural,rile_wikidata,TRUE,Non-OECD,1970s,1970,centrism,16,11,-0.008250000000000007,0.4845,5
v2pariglef,v2xpa_antiplural,rile_wikidata,TRUE,Non-OECD,1980s,1980,centrism,27,14,0.32737037037037037,0.3645185185185185,5
v2pariglef,v2xpa_antiplural,rile_wikidata,TRUE,Non-OECD,1970s,1970,right_wing,24,14,1.1500833333333331,0.8593333333333333,4
v2pariglef,v2xpa_antiplural,rile_wikidata,TRUE,Non-OECD,1970s,1970,centre_left,36,21,-0.9987222222222222,0.6658611111111111,1
v2pariglef,v2xpa_antiplural,rile_wikidata,TRUE,Non-OECD,1970s,1970,centre_right,33,18,0.9188181818181819,0.6829090909090909,2
v2pariglef,v2xpa_antiplural,rile_wikidata,TRUE,Non-OECD,1990s,1990,far_left_politics,20,10,-2.43615,0.7767,6
v2pariglef,v2xpa_antiplural,rile_wikidata,TRUE,Non-OECD,2000s,2000,far_left_politics,19,9,-1.9142631578947369,0.808,6
v2pariglef,v2xpa_antiplural,ideology_wikipedia,TRUE,OECD,1990s,1990,social_democracy,119,50,-1.1017310924369748,0.11578151260504202,1
v2pariglef,v2xpa_antiplural,ideology_wikipedia,FALSE,OECD,1990s,1990,progressivism,17,8,-1.5241764705882352,0.073,17
v2pariglef,v2xpa_antiplural,ideology_wikipedia,TRUE,OECD,2000s,2000,social_democracy,112,49,-1.111169642857143,0.09130357142857143,1
v2pariglef,v2xpa_antiplural,ideology_wikipedia,FALSE,OECD,2000s,2000,progressivism,27,13,-1.6665185185185185,0.11451851851851852,13
v2pariglef,v2xpa_antiplural,ideology_wikipedia,TRUE,OECD,2010s,2010,social_democracy,136,54,-1.1031397058823529,0.11238235294117647,1
v2pariglef,v2xpa_antiplural,ideology_wikipedia,FALSE,OECD,2010s,2010,progressivism,36,19,-1.1909166666666666,0.16769444444444445,12
v2pariglef,v2xpa_antiplural,ideology_wikipedia,FALSE,OECD,2000s,2000,green_politics,33,16,-1.088,0.0633939393939394,11
v2pariglef,v2xpa_antiplural,ideology_wikipedia,FALSE,OECD,2010s,2010,green_politics,36,18,-1.1495,0.09013888888888888,13
v2pariglef,v2xpa_antiplural,ideology_wikipedia,FALSE,OECD,1970s,1970,national_conservatism,17,7,1.930235294117647,0.3631764705882353,12
v2pariglef,v2xpa_antiplural,ideology_wikipedia,TRUE,OECD,1990s,1990,national_conservatism,43,22,1.4777674418604652,0.35832558139534887,6
v2pariglef,v2xpa_antiplural,ideology_wikipedia,TRUE,OECD,2000s,2000,national_conservatism,46,22,1.4530217391304348,0.3148695652173913,7
v2pariglef,v2xpa_antiplural,ideology_wikipedia,TRUE,OECD,2010s,2010,national_conservatism,54,26,1.529962962962963,0.45016666666666666,7
v2pariglef,v2xpa_antiplural,ideology_wikipedia,FALSE,OECD,2000s,2000,social_liberalism,24,14,-0.17737499999999998,0.06745833333333333,12
v2pariglef,v2xpa_antiplural,ideology_wikipedia,FALSE,OECD,2010s,2010,social_liberalism,27,17,-0.23155555555555554,0.07907407407407407,15
v2pariglef,v2xpa_antiplural,ideology_wikipedia,TRUE,OECD,1970s,1970,communism,19,11,-3.087842105263158,0.5207894736842105,8
v2pariglef,v2xpa_antiplural,ideology_wikipedia,FALSE,OECD,1970s,1970,marxism_leninism,16,10,-3.175875,0.6485,9
v2pariglef,v2xpa_antiplural,ideology_wikipedia,FALSE,OECD,2010s,2010,left_wing_populism,26,11,-2.189192307692308,0.16299999999999998,17
v2pariglef,v2xpa_antiplural,ideology_wikipedia,TRUE,OECD,2010s,2010,conservatism,58,29,1.007551724137931,0.22160344827586206,4
v2pariglef,v2xpa_antiplural,ideology_wikipedia,TRUE,OECD,2010s,2010,social_conservatism,52,29,-0.12657692307692311,0.2679423076923077,6
v2pariglef,v2xpa_antiplural,ideology_wikipedia,TRUE,OECD,1990s,1990,right_wing_populism,52,23,1.4025192307692307,0.37584615384615383,5
v2pariglef,v2xpa_antiplural,ideology_wikipedia,TRUE,OECD,1990s,1990,economic_liberalism,38,18,1.392921052631579,0.15397368421052632,8
v2pariglef,v2xpa_antiplural,ideology_wikipedia,TRUE,OECD,1990s,1990,pro_europeanism,62,28,0.11390322580645165,0.144241935483871,4
v2pariglef,v2xpa_antiplural,ideology_wikipedia,TRUE,OECD,2010s,2010,right_wing_populism,78,39,1.3488205128205129,0.44496153846153846,2
v2pariglef,v2xpa_antiplural,ideology_wikipedia,FALSE,OECD,2010s,2010,euroscepticism,33,17,0.3760606060606061,0.38327272727272726,14
v2pariglef,v2xpa_antiplural,ideology_wikipedia,FALSE,OECD,1990s,1990,green_politics,27,13,-1.4696296296296296,0.030407407407407407,12
v2pariglef,v2xpa_antiplural,ideology_wikipedia,TRUE,OECD,1970s,1970,social_democracy,84,33,-1.324797619047619,0.1564047619047619,1
v2pariglef,v2xpa_antiplural,ideology_wikipedia,TRUE,OECD,1980s,1980,social_democracy,78,32,-1.1782564102564101,0.15273076923076923,1
v2pariglef,v2xpa_antiplural,ideology_wikipedia,TRUE,OECD,1990s,1990,christian_democracy,75,36,0.6412133333333333,0.10817333333333333,3
v2pariglef,v2xpa_antiplural,ideology_wikipedia,FALSE,OECD,1990s,1990,agrarianism,20,10,1.0565,0.15195,14
v2pariglef,v2xpa_antiplural,ideology_wikipedia,TRUE,OECD,2000s,2000,christian_democracy,76,36,0.8491052631578947,0.0845,2
v2pariglef,v2xpa_antiplural,ideology_wikipedia,TRUE,OECD,2010s,2010,christian_democracy,69,34,0.8532608695652174,0.08942028985507247,3
v2pariglef,v2xpa_antiplural,ideology_wikipedia,TRUE,OECD,1970s,1970,liberal_conservatism,34,13,1.272029411764706,0.1081764705882353,4
v2pariglef,v2xpa_antiplural,ideology_wikipedia,TRUE,OECD,1970s,1970,pro_europeanism,27,11,0.33196296296296296,0.06481481481481481,6
v2pariglef,v2xpa_antiplural,ideology_wikipedia,TRUE,OECD,1980s,1980,liberal_conservatism,36,14,1.1862777777777778,0.12227777777777778,4
v2pariglef,v2xpa_antiplural,ideology_wikipedia,TRUE,OECD,1980s,1980,pro_europeanism,29,12,0.06786206896551729,0.12103448275862068,6
v2pariglef,v2xpa_antiplural,ideology_wikipedia,TRUE,OECD,1990s,1990,liberal_conservatism,47,19,1.2098510638297872,0.16261702127659575,7
v2pariglef,v2xpa_antiplural,ideology_wikipedia,TRUE,OECD,2000s,2000,liberal_conservatism,48,21,1.3191458333333332,0.11408333333333334,8
v2pariglef,v2xpa_antiplural,ideology_wikipedia,TRUE,OECD,2000s,2000,pro_europeanism,59,26,0.16549152542372886,0.126135593220339,4
v2pariglef,v2xpa_antiplural,ideology_wikipedia,TRUE,OECD,2010s,2010,liberal_conservatism,54,24,1.3251851851851852,0.09346296296296297,8
v2pariglef,v2xpa_antiplural,ideology_wikipedia,TRUE,OECD,2010s,2010,pro_europeanism,57,29,0.06491228070175441,0.06271929824561404,5
v2pariglef,v2xpa_antiplural,ideology_wikipedia,FALSE,OECD,1990s,1990,euroscepticism,18,8,0.3779999999999999,0.4815,16
v2pariglef,v2xpa_antiplural,ideology_wikipedia,FALSE,OECD,2000s,2000,euroscepticism,25,13,0.6264,0.3872,14
v2pariglef,v2xpa_antiplural,ideology_wikipedia,FALSE,OECD,2010s,2010,eco_socialism,23,11,-2.270608695652174,0.10969565217391304,18
v2pariglef,v2xpa_antiplural,ideology_wikipedia,FALSE,OECD,1970s,1970,conservative_liberalism,15,5,1.3957333333333333,0.08926666666666667,14
v2pariglef,v2xpa_antiplural,ideology_wikipedia,TRUE,OECD,1970s,1970,liberalism,30,11,0.5291,0.06953333333333334,5
v2pariglef,v2xpa_antiplural,ideology_wikipedia,TRUE,OECD,1980s,1980,liberalism,31,13,0.6170967741935485,0.08283870967741935,5
v2pariglef,v2xpa_antiplural,ideology_wikipedia,FALSE,OECD,1990s,1990,conservative_liberalism,15,7,1.6423333333333334,0.047599999999999996,19
v2pariglef,v2xpa_antiplural,ideology_wikipedia,FALSE,OECD,1990s,1990,liberalism,39,17,0.6707435897435897,0.07148717948717949,9
v2pariglef,v2xpa_antiplural,ideology_wikipedia,FALSE,OECD,2000s,2000,liberalism,32,17,0.6476250000000001,0.096625,10
v2pariglef,v2xpa_antiplural,ideology_wikipedia,FALSE,OECD,2010s,2010,conservative_liberalism,20,9,1.5815,0.16015,19
v2pariglef,v2xpa_antiplural,ideology_wikipedia,FALSE,OECD,2010s,2010,liberalism,40,22,0.610275,0.08715,10
v2pariglef,v2xpa_antiplural,ideology_wikipedia,FALSE,OECD,1970s,1970,economic_liberalism,16,8,1.1718125000000001,0.1774375,11
v2pariglef,v2xpa_antiplural,ideology_wikipedia,FALSE,OECD,1970s,1970,right_wing_populism,25,9,1.82124,0.35568,10
v2pariglef,v2xpa_antiplural,ideology_wikipedia,TRUE,OECD,1980s,1980,economic_liberalism,17,9,1.2581176470588236,0.22717647058823529,8
v2pariglef,v2xpa_antiplural,ideology_wikipedia,FALSE,OECD,1980s,1980,right_wing_populism,18,8,1.8145,0.25216666666666665,9
v2pariglef,v2xpa_antiplural,ideology_wikipedia,TRUE,OECD,2000s,2000,economic_liberalism,44,23,1.63925,0.17022727272727273,6
v2pariglef,v2xpa_antiplural,ideology_wikipedia,TRUE,OECD,2000s,2000,right_wing_populism,55,26,1.3848363636363636,0.3507818181818182,5
v2pariglef,v2xpa_antiplural,ideology_wikipedia,FALSE,OECD,2010s,2010,economic_liberalism,47,22,1.639212765957447,0.24704255319148935,9
v2pariglef,v2xpa_antiplural,ideology_wikipedia,TRUE,OECD,1990s,1990,conservatism,76,37,1.1191973684210528,0.16105263157894736,2
v2pariglef,v2xpa_antiplural,ideology_wikipedia,TRUE,OECD,1970s,1970,christian_democracy,43,22,0.6363255813953489,0.08718604651162791,2
v2pariglef,v2xpa_antiplural,ideology_wikipedia,TRUE,OECD,1970s,1970,social_conservatism,23,11,8.695652173912472e-4,0.19499999999999998,7
v2pariglef,v2xpa_antiplural,ideology_wikipedia,TRUE,OECD,1970s,1970,conservatism,41,17,1.0147317073170732,0.07614634146341463,3
v2pariglef,v2xpa_antiplural,ideology_wikipedia,TRUE,OECD,1980s,1980,christian_democracy,49,20,0.6321020408163266,0.06538775510204081,2
v2pariglef,v2xpa_antiplural,ideology_wikipedia,TRUE,OECD,1980s,1980,conservatism,47,17,1.0034893617021277,0.08021276595744681,3
v2pariglef,v2xpa_antiplural,ideology_wikipedia,FALSE,OECD,1990s,1990,social_conservatism,36,16,-0.3722500000000001,0.15530555555555556,10
v2pariglef,v2xpa_antiplural,ideology_wikipedia,FALSE,OECD,2000s,2000,social_conservatism,45,20,-0.43915555555555563,0.2205777777777778,9
v2pariglef,v2xpa_antiplural,ideology_wikipedia,TRUE,OECD,2000s,2000,conservatism,67,31,1.2318358208955225,0.16252238805970148,3
v2pariglef,v2xpa_antiplural,ideology_wikipedia,TRUE,Non-OECD,1990s,1990,social_democracy,200,105,-0.889705,0.404565,1
v2pariglef,v2xpa_antiplural,ideology_wikipedia,TRUE,Non-OECD,2000s,2000,social_democracy,241,141,-0.6789211618257261,0.4257344398340249,1
v2pariglef,v2xpa_antiplural,ideology_wikipedia,TRUE,Non-OECD,2010s,2010,social_democracy,232,141,-0.5607241379310345,0.4578405172413793,1
v2pariglef,v2xpa_antiplural,ideology_wikipedia,TRUE,Non-OECD,1990s,1990,liberal_conservatism,52,29,0.8232884615384616,0.4886153846153846,8
v2pariglef,v2xpa_antiplural,ideology_wikipedia,TRUE,Non-OECD,1990s,1990,conservatism,144,71,0.9180555555555555,0.5304722222222222,2
v2pariglef,v2xpa_antiplural,ideology_wikipedia,FALSE,Non-OECD,2000s,2000,liberal_conservatism,73,36,0.9326027397260275,0.4349178082191781,9
v2pariglef,v2xpa_antiplural,ideology_wikipedia,TRUE,Non-OECD,2000s,2000,conservatism,151,81,0.9955827814569537,0.5203311258278146,2
v2pariglef,v2xpa_antiplural,ideology_wikipedia,TRUE,Non-OECD,2010s,2010,liberal_conservatism,73,40,0.905013698630137,0.4136027397260274,8
v2pariglef,v2xpa_antiplural,ideology_wikipedia,TRUE,Non-OECD,2010s,2010,conservatism,133,71,1.0351203007518797,0.5274887218045112,2
v2pariglef,v2xpa_antiplural,ideology_wikipedia,TRUE,Non-OECD,1970s,1970,pan_africanism,19,13,-0.6681578947368421,0.7888421052631579,8
v2pariglef,v2xpa_antiplural,ideology_wikipedia,FALSE,Non-OECD,1990s,1990,progressivism,52,28,-0.6894038461538462,0.38103846153846155,9
v2pariglef,v2xpa_antiplural,ideology_wikipedia,TRUE,Non-OECD,2000s,2000,liberalism,97,53,0.4837319587628866,0.3840721649484536,4
v2pariglef,v2xpa_antiplural,ideology_wikipedia,TRUE,Non-OECD,2010s,2010,liberalism,87,54,0.4123103448275862,0.441632183908046,6
v2pariglef,v2xpa_antiplural,ideology_wikipedia,FALSE,Non-OECD,1990s,1990,african_nationalism,25,14,-0.88708,0.6639200000000001,19
v2pariglef,v2xpa_antiplural,ideology_wikipedia,FALSE,Non-OECD,2000s,2000,african_nationalism,23,13,-0.7489130434782608,0.6357391304347826,26
v2pariglef,v2xpa_antiplural,ideology_wikipedia,TRUE,Non-OECD,1970s,1970,conservatism,55,33,1.0935636363636363,0.8408,1
v2pariglef,v2xpa_antiplural,ideology_wikipedia,FALSE,Non-OECD,1970s,1970,republicanism,15,7,0.8657333333333334,0.7893333333333333,17
v2pariglef,v2xpa_antiplural,ideology_wikipedia,TRUE,Non-OECD,1970s,1970,anti_communism,31,16,1.0439677419354838,0.857741935483871,4
v2pariglef,v2xpa_antiplural,ideology_wikipedia,FALSE,Non-OECD,1970s,1970,national_conservatism,20,9,0.7477499999999998,0.89655,16
v2pariglef,v2xpa_antiplural,ideology_wikipedia,TRUE,Non-OECD,1970s,1970,social_conservatism,27,16,1.1698148148148149,0.7637777777777778,5
v2pariglef,v2xpa_antiplural,ideology_wikipedia,TRUE,Non-OECD,1970s,1970,christian_democracy,23,14,0.7920869565217392,0.5466521739130434,7
v2pariglef,v2xpa_antiplural,ideology_wikipedia,FALSE,Non-OECD,1970s,1970,liberal_conservatism,18,10,0.9583333333333334,0.6652777777777777,14
v2pariglef,v2xpa_antiplural,ideology_wikipedia,TRUE,Non-OECD,1980s,1980,conservatism,78,37,1.1388717948717946,0.7137820512820513,2
v2pariglef,v2xpa_antiplural,ideology_wikipedia,FALSE,Non-OECD,1980s,1980,republicanism,17,7,0.8440588235294119,0.7580588235294118,21
v2pariglef,v2xpa_antiplural,ideology_wikipedia,TRUE,Non-OECD,1980s,1980,anti_communism,37,18,1.0413243243243244,0.7521621621621621,5
v2pariglef,v2xpa_antiplural,ideology_wikipedia,FALSE,Non-OECD,1980s,1980,national_conservatism,18,10,0.8977777777777778,0.7603333333333333,17
v2pariglef,v2xpa_antiplural,ideology_wikipedia,TRUE,Non-OECD,1980s,1980,social_conservatism,35,17,0.6330857142857144,0.7045714285714286,6
v2pariglef,v2xpa_antiplural,ideology_wikipedia,FALSE,Non-OECD,1980s,1980,christian_democracy,33,15,0.9778181818181817,0.5107272727272727,10
v2pariglef,v2xpa_antiplural,ideology_wikipedia,FALSE,Non-OECD,1980s,1980,liberal_conservatism,26,16,0.948923076923077,0.5812692307692308,9
v2pariglef,v2xpa_antiplural,ideology_wikipedia,FALSE,Non-OECD,1990s,1990,republicanism,22,12,0.10186363636363634,0.5496363636363636,21
v2pariglef,v2xpa_antiplural,ideology_wikipedia,FALSE,Non-OECD,1990s,1990,anti_communism,51,22,0.854078431372549,0.5556862745098039,12
v2pariglef,v2xpa_antiplural,ideology_wikipedia,FALSE,Non-OECD,1990s,1990,national_conservatism,33,19,0.7663636363636364,0.5773333333333334,14
v2pariglef,v2xpa_antiplural,ideology_wikipedia,TRUE,Non-OECD,1990s,1990,social_conservatism,66,33,-0.018500000000000096,0.5890909090909091,6
v2pariglef,v2xpa_antiplural,ideology_wikipedia,FALSE,Non-OECD,1990s,1990,conservative_liberalism,19,11,0.9033684210526316,0.4315263157894737,25
v2pariglef,v2xpa_antiplural,ideology_wikipedia,TRUE,Non-OECD,1990s,1990,christian_democracy,86,42,0.9000581395348837,0.3525581395348837,4
v2pariglef,v2xpa_antiplural,ideology_wikipedia,FALSE,Non-OECD,1990s,1990,neoliberalism,15,9,0.9164666666666667,0.6340666666666667,28
v2pariglef,v2xpa_antiplural,ideology_wikipedia,TRUE,Non-OECD,2000s,2000,social_conservatism,97,53,-0.0037731958762885886,0.5767319587628866,5
v2pariglef,v2xpa_antiplural,ideology_wikipedia,FALSE,Non-OECD,2000s,2000,anti_communism,38,20,0.8405789473684211,0.49226315789473685,16
v2pariglef,v2xpa_antiplural,ideology_wikipedia,FALSE,Non-OECD,2000s,2000,social_liberalism,55,28,-0.16476363636363633,0.3069272727272727,11
v2pariglef,v2xpa_antiplural,ideology_wikipedia,FALSE,Non-OECD,2000s,2000,progressivism,40,24,-0.621825,0.354375,13
v2pariglef,v2xpa_antiplural,ideology_wikipedia,TRUE,Non-OECD,1980s,1980,liberalism,40,21,0.499725,0.45855,4
v2pariglef,v2xpa_antiplural,ideology_wikipedia,TRUE,Non-OECD,1990s,1990,liberalism,73,39,0.3075205479452054,0.39686301369863014,5
v2pariglef,v2xpa_antiplural,ideology_wikipedia,FALSE,Non-OECD,2010s,2010,communism,22,12,-1.9496818181818183,0.7377272727272727,28
v2pariglef,v2xpa_antiplural,ideology_wikipedia,FALSE,Non-OECD,2010s,2010,marxism_leninism,27,14,-1.9136296296296298,0.6621111111111111,24
v2pariglef,v2xpa_antiplural,ideology_wikipedia,FALSE,Non-OECD,2010s,2010,pan_africanism,31,17,-0.8143225806451613,0.7265806451612903,17
v2pariglef,v2xpa_antiplural,ideology_wikipedia,FALSE,Non-OECD,2010s,2010,left_wing_populism,31,16,-1.3953870967741937,0.5296451612903226,19
v2pariglef,v2xpa_antiplural,ideology_wikipedia,FALSE,OECD,1990s,1990,neoliberalism,17,8,1.6847058823529413,0.46258823529411763,18
v2pariglef,v2xpa_antiplural,ideology_wikipedia,FALSE,OECD,1970s,1970,democratic_socialism,18,6,-1.9710555555555556,0.1406666666666667,13
v2pariglef,v2xpa_antiplural,ideology_wikipedia,TRUE,OECD,1980s,1980,communism,19,10,-3.055842105263158,0.41,7
v2pariglef,v2xpa_antiplural,ideology_wikipedia,FALSE,OECD,1990s,1990,communism,20,11,-3.05895,0.2925,13
v2pariglef,v2xpa_antiplural,ideology_wikipedia,FALSE,OECD,1990s,1990,democratic_socialism,28,13,-1.8993571428571427,0.10339285714285715,11
v2pariglef,v2xpa_antiplural,ideology_wikipedia,FALSE,OECD,2000s,2000,communism,17,7,-3.232705882352941,0.2917058823529412,18
v2pariglef,v2xpa_antiplural,ideology_wikipedia,FALSE,OECD,2000s,2000,democratic_socialism,25,10,-2.00964,0.08132,16
v2pariglef,v2xpa_antiplural,ideology_wikipedia,FALSE,OECD,2010s,2010,democratic_socialism,40,19,-2.179,0.136,11
v2pariglef,v2xpa_antiplural,ideology_wikipedia,FALSE,Non-OECD,1980s,1980,anti_imperialism,15,8,-1.4773333333333332,0.8151999999999999,19
v2pariglef,v2xpa_antiplural,ideology_wikipedia,FALSE,Non-OECD,1990s,1990,right_wing_populism,38,16,0.8693421052631579,0.674921052631579,16
v2pariglef,v2xpa_antiplural,ideology_wikipedia,FALSE,Non-OECD,2000s,2000,right_wing_populism,39,21,0.9163846153846155,0.7532820512820513,15
v2pariglef,v2xpa_antiplural,ideology_wikipedia,FALSE,Non-OECD,2010s,2010,militarism,19,12,0.9229999999999999,0.8252105263157895,29
v2pariglef,v2xpa_antiplural,ideology_wikipedia,FALSE,Non-OECD,2010s,2010,right_wing_populism,46,28,1.1132173913043477,0.6727391304347826,14
v2pariglef,v2xpa_antiplural,ideology_wikipedia,FALSE,Non-OECD,2010s,2010,social_liberalism,58,37,-0.27163793103448275,0.30860344827586206,9
v2pariglef,v2xpa_antiplural,ideology_wikipedia,FALSE,Non-OECD,1990s,1990,social_liberalism,36,17,-0.3948611111111111,0.31133333333333335,15
v2pariglef,v2xpa_antiplural,ideology_wikipedia,FALSE,Non-OECD,1990s,1990,populism,47,24,-0.6389148936170214,0.5504042553191489,11
v2pariglef,v2xpa_antiplural,ideology_wikipedia,TRUE,Non-OECD,2010s,2010,populism,91,54,0.1988461538461539,0.5509780219780219,5
v2pariglef,v2xpa_antiplural,ideology_wikipedia,FALSE,Non-OECD,1980s,1980,populism,26,13,-0.4328846153846154,0.692923076923077,12
v2pariglef,v2xpa_antiplural,ideology_wikipedia,FALSE,Non-OECD,2010s,2010,social_market_economy,15,9,0.27066666666666667,0.5822666666666667,34
v2pariglef,v2xpa_antiplural,ideology_wikipedia,FALSE,Non-OECD,1990s,1990,communism,29,14,-2.5764137931034483,0.6763793103448276,18
v2pariglef,v2xpa_antiplural,ideology_wikipedia,FALSE,Non-OECD,1990s,1990,marxism_leninism,39,19,-2.256,0.670974358974359,13
v2pariglef,v2xpa_antiplural,ideology_wikipedia,FALSE,Non-OECD,2000s,2000,communism,36,17,-2.1505555555555556,0.70175,19
v2pariglef,v2xpa_antiplural,ideology_wikipedia,FALSE,Non-OECD,2000s,2000,marxism_leninism,37,18,-2.047918918918919,0.7143243243243244,17
v2pariglef,v2xpa_antiplural,ideology_wikipedia,FALSE,Non-OECD,1990s,1990,pro_europeanism,43,28,0.5863953488372092,0.36853488372093024,10
v2pariglef,v2xpa_antiplural,ideology_wikipedia,FALSE,Non-OECD,2000s,2000,democratic_socialism,56,35,-1.2582678571428572,0.42578571428571427,10
v2pariglef,v2xpa_antiplural,ideology_wikipedia,FALSE,Non-OECD,2000s,2000,left_wing_nationalism,27,16,-1.3678518518518519,0.438,21
v2pariglef,v2xpa_antiplural,ideology_wikipedia,FALSE,Non-OECD,2010s,2010,democratic_socialism,63,36,-1.1042857142857143,0.5063809523809524,10
v2pariglef,v2xpa_antiplural,ideology_wikipedia,TRUE,Non-OECD,2010s,2010,social_conservatism,108,63,0.10135185185185193,0.5661203703703703,4
v2pariglef,v2xpa_antiplural,ideology_wikipedia,FALSE,Non-OECD,2010s,2010,left_wing_nationalism,28,16,-1.0001785714285714,0.46171428571428574,20
v2pariglef,v2xpa_antiplural,ideology_wikipedia,TRUE,Non-OECD,1990s,1990,economic_liberalism,84,45,0.7800952380952381,0.6258214285714285,3
v2pariglef,v2xpa_antiplural,ideology_wikipedia,FALSE,Non-OECD,1970s,1970,communism,23,11,-3.030304347826087,0.8181304347826087,11
v2pariglef,v2xpa_antiplural,ideology_wikipedia,FALSE,Non-OECD,1970s,1970,marxism_leninism,25,12,-3.01248,0.85816,10
v2pariglef,v2xpa_antiplural,ideology_wikipedia,FALSE,Non-OECD,1980s,1980,communism,22,12,-2.6958636363636366,0.7465454545454545,14
v2pariglef,v2xpa_antiplural,ideology_wikipedia,TRUE,Non-OECD,1980s,1980,marxism_leninism,29,16,-2.5500689655172413,0.7767586206896552,8
v2pariglef,v2xpa_antiplural,ideology_wikipedia,TRUE,Non-OECD,2000s,2000,pro_europeanism,95,46,0.21371578947368433,0.38133684210526314,6
v2pariglef,v2xpa_antiplural,ideology_wikipedia,TRUE,Non-OECD,2010s,2010,pro_europeanism,90,50,0.33494444444444443,0.40782222222222225,7
v2pariglef,v2xpa_antiplural,ideology_wikipedia,FALSE,Non-OECD,2010s,2010,anti_communism,23,12,0.9069565217391304,0.5932608695652174,27
v2pariglef,v2xpa_antiplural,ideology_wikipedia,FALSE,Non-OECD,2000s,2000,national_conservatism,45,24,0.6922,0.5688666666666666,12
v2pariglef,v2xpa_antiplural,ideology_wikipedia,FALSE,Non-OECD,2010s,2010,national_conservatism,54,33,0.9219444444444445,0.5812222222222222,12
v2pariglef,v2xpa_antiplural,ideology_wikipedia,TRUE,Non-OECD,1980s,1980,economic_liberalism,40,23,0.924075,0.7553,3
v2pariglef,v2xpa_antiplural,ideology_wikipedia,TRUE,Non-OECD,2010s,2010,economic_liberalism,125,67,0.680936,0.543304,3
v2pariglef,v2xpa_antiplural,ideology_wikipedia,FALSE,Non-OECD,2010s,2010,conservative_liberalism,28,15,0.98325,0.46771428571428575,22
v2pariglef,v2xpa_antiplural,ideology_wikipedia,FALSE,Non-OECD,2010s,2010,neoliberalism,18,11,1.0992222222222223,0.7668333333333334,31
v2pariglef,v2xpa_antiplural,ideology_wikipedia,TRUE,Non-OECD,1970s,1970,economic_liberalism,33,20,0.3953636363636364,0.7440606060606061,3
v2pariglef,v2xpa_antiplural,ideology_wikipedia,FALSE,Non-OECD,2010s,2010,progressivism,52,35,-0.47732692307692304,0.31384615384615383,11
v2pariglef,v2xpa_antiplural,ideology_wikipedia,FALSE,Non-OECD,1990s,1990,big_tent,17,8,-0.1434705882352941,0.6280588235294118,29
v2pariglef,v2xpa_antiplural,ideology_wikipedia,TRUE,Non-OECD,2000s,2000,economic_liberalism,107,58,0.748644859813084,0.6034205607476636,3
v2pariglef,v2xpa_antiplural,ideology_wikipedia,FALSE,Non-OECD,2000s,2000,neoliberalism,21,13,0.8162857142857143,0.49914285714285717,28
v2pariglef,v2xpa_antiplural,ideology_wikipedia,FALSE,Non-OECD,2000s,2000,big_tent,15,9,0.2864,0.6120666666666666,32
v2pariglef,v2xpa_antiplural,ideology_wikipedia,FALSE,Non-OECD,1990s,1990,anti_imperialism,18,7,-1.646611111111111,0.5793888888888888,31
v2pariglef,v2xpa_antiplural,ideology_wikipedia,FALSE,OECD,1990s,1990,nationalism,15,7,0.7513333333333334,0.3848666666666667,20
v2pariglef,v2xpa_antiplural,ideology_wikipedia,FALSE,OECD,2000s,2000,left_wing_populism,17,8,-2.2015294117647057,0.14323529411764707,17
v2pariglef,v2xpa_antiplural,ideology_wikipedia,FALSE,OECD,2010s,2010,populism,21,13,0.06952380952380953,0.24385714285714286,16
v2pariglef,v2xpa_antiplural,ideology_wikipedia,FALSE,Non-OECD,1990s,1990,third_way,26,13,-0.45199999999999996,0.3826538461538461,20
v2pariglef,v2xpa_antiplural,ideology_wikipedia,FALSE,Non-OECD,2000s,2000,third_way,37,22,-0.28135135135135136,0.4813513513513514,14
v2pariglef,v2xpa_antiplural,ideology_wikipedia,FALSE,Non-OECD,2010s,2010,third_way,25,15,-0.12195999999999993,0.45068,23
v2pariglef,v2xpa_antiplural,ideology_wikipedia,TRUE,Non-OECD,1980s,1980,social_democracy,74,42,-1.2322162162162162,0.5052162162162162,1
v2pariglef,v2xpa_antiplural,ideology_wikipedia,FALSE,Non-OECD,1980s,1980,progressivism,27,13,-0.7515925925925927,0.41703703703703704,11
v2pariglef,v2xpa_antiplural,ideology_wikipedia,TRUE,Non-OECD,2000s,2000,populism,81,44,-0.02711111111111107,0.5665061728395062,7
v2pariglef,v2xpa_antiplural,ideology_wikipedia,FALSE,Non-OECD,1980s,1980,right_wing_populism,16,10,0.9496874999999999,0.645125,18
v2pariglef,v2xpa_antiplural,ideology_wikipedia,FALSE,Non-OECD,2000s,2000,conservative_liberalism,22,13,0.9185909090909091,0.45904545454545453,27
v2pariglef,v2xpa_antiplural,ideology_wikipedia,FALSE,Non-OECD,1980s,1980,social_liberalism,15,8,-0.4098666666666667,0.27026666666666666,20
v2pariglef,v2xpa_antiplural,ideology_wikipedia,TRUE,Non-OECD,1980s,1980,democratic_socialism,32,17,-1.5725,0.619625,7
v2pariglef,v2xpa_antiplural,ideology_wikipedia,TRUE,Non-OECD,1990s,1990,democratic_socialism,57,31,-1.1186842105263157,0.47343859649122805,7
v2pariglef,v2xpa_antiplural,ideology_wikipedia,FALSE,Non-OECD,1990s,1990,left_wing_nationalism,18,11,-1.2357222222222222,0.28538888888888886,26
v2pariglef,v2xpa_antiplural,ideology_wikipedia,FALSE,Non-OECD,1990s,1990,left_wing_populism,24,11,-1.199875,0.374625,24
v2pariglef,v2xpa_antiplural,ideology_wikipedia,FALSE,Non-OECD,2000s,2000,left_wing_populism,31,13,-1.646774193548387,0.4250322580645161,25
v2pariglef,v2xpa_antiplural,ideology_wikipedia,FALSE,Non-OECD,2000s,2000,classical_liberalism,16,8,1.1215,0.5640000000000001,33
v2pariglef,v2xpa_antiplural,ideology_wikipedia,TRUE,Non-OECD,2000s,2000,christian_democracy,81,43,0.9004938271604939,0.4044814814814815,8
v2pariglef,v2xpa_antiplural,ideology_wikipedia,FALSE,Non-OECD,2010s,2010,classical_liberalism,17,10,1.3505882352941176,0.5661764705882353,33
v2pariglef,v2xpa_antiplural,ideology_wikipedia,FALSE,Non-OECD,2010s,2010,christian_democracy,51,30,1.134843137254902,0.42794117647058827,13
v2pariglef,v2xpa_antiplural,ideology_wikipedia,FALSE,Non-OECD,2010s,2010,big_tent,21,10,0.40823809523809523,0.5156190476190476,32
v2pariglef,v2xpa_antiplural,ideology_wikipedia,FALSE,OECD,2000s,2000,nationalism,17,7,1.1252352941176471,0.40758823529411764,19
v2pariglef,v2xpa_antiplural,ideology_wikipedia,FALSE,OECD,2010s,2010,nationalism,15,5,1.4248,0.4334,20
v2pariglef,v2xpa_antiplural,ideology_wikipedia,FALSE,Non-OECD,1970s,1970,nationalism,19,10,1.087578947368421,0.838,13
v2pariglef,v2xpa_antiplural,ideology_wikipedia,FALSE,Non-OECD,1980s,1980,nationalism,25,12,1.04852,0.81324,13
v2pariglef,v2xpa_antiplural,ideology_wikipedia,FALSE,Non-OECD,1990s,1990,nationalism,22,12,0.9503636363636364,0.6879545454545455,22
v2pariglef,v2xpa_antiplural,ideology_wikipedia,FALSE,Non-OECD,2000s,2000,nationalism,35,16,0.9549142857142857,0.6327142857142857,20
v2pariglef,v2xpa_antiplural,ideology_wikipedia,FALSE,Non-OECD,2010s,2010,nationalism,31,17,1.1344193548387096,0.5696774193548387,18
v2pariglef,v2xpa_antiplural,ideology_wikipedia,TRUE,Non-OECD,1970s,1970,social_democracy,49,31,-1.4985714285714287,0.5786734693877551,2
v2pariglef,v2xpa_antiplural,ideology_wikipedia,FALSE,Non-OECD,1990s,1990,reformism,15,8,0.6798666666666666,0.5875333333333334,30
v2pariglef,v2xpa_antiplural,ideology_wikipedia,TRUE,Non-OECD,1970s,1970,democratic_socialism,21,16,-1.8752857142857142,0.6524761904761904,6
v2pariglef,v2xpa_antiplural,ideology_wikipedia,FALSE,Non-OECD,1970s,1970,progressivism,16,10,-0.62175,0.35250000000000004,15
v2pariglef,v2xpa_antiplural,ideology_wikipedia,FALSE,Non-OECD,1970s,1970,liberalism,17,13,0.20399999999999996,0.5517647058823529,9
v2pariglef,v2xpa_antiplural,ideology_wikipedia,FALSE,Non-OECD,1990s,1990,pan_africanism,26,15,-0.8453846153846154,0.7065384615384616,17
v2pariglef,v2xpa_antiplural,ideology_wikipedia,FALSE,Non-OECD,2000s,2000,pan_africanism,26,16,-0.6489230769230769,0.7418461538461538,23
v2pariglef,v2xpa_antiplural,ideology_wikipedia,FALSE,Non-OECD,2000s,2000,islamic_democracy,23,12,0.3551304347826087,0.5490434782608695,29
v2pariglef,v2xpa_antiplural,ideology_wikipedia,FALSE,Non-OECD,2010s,2010,islamic_democracy,36,23,0.35594444444444445,0.5680000000000001,16
v2pariglef,v2xpa_antiplural,ideology_wikipedia,FALSE,Non-OECD,1990s,1990,secularism,19,10,-1.085,0.48936842105263156,27
v2pariglef,v2xpa_antiplural,ideology_wikipedia,FALSE,Non-OECD,2000s,2000,secularism,27,16,-0.35014814814814815,0.5046666666666667,22
v2pariglef,v2xpa_antiplural,ideology_wikipedia,FALSE,Non-OECD,2010s,2010,secularism,41,25,0.1150487804878049,0.56724390243902445,15
v2pariglef,v2xpa_antiplural,ideology_wikipedia,FALSE,Non-OECD,2010s,2010,reformism,21,14,-0.1870952380952381,0.5141904761904762,25
v2pariglef,v2xpa_antiplural,ideology_wikipedia,FALSE,Non-OECD,2000s,2000,reformism,26,14,-0.04357692307692305,0.479,24
v2pariglef,v2xpa_antiplural,ideology_wikipedia,FALSE,Non-OECD,1990s,1990,socialism,19,12,-1.940578947368421,0.5401578947368421,23
v2pariglef,v2xpa_antiplural,ideology_wikipedia,FALSE,Non-OECD,2010s,2010,civic_nationalism,26,16,0.3012307692307693,0.5833076923076923,21
v2pariglef,v2xpa_antiplural,ideology_wikipedia,FALSE,Non-OECD,2000s,2000,civic_nationalism,33,18,0.19196969696969696,0.5247272727272727,18
v2pariglef,v2xpa_antiplural,ideology_wikipedia,FALSE,Non-OECD,1980s,1980,pan_africanism,19,12,-1.0390526315789474,0.9260526315789473,15
v2pariglef,v2xpa_antiplural,ideology_wikipedia,FALSE,Non-OECD,1970s,1970,african_nationalism,19,11,-1.4891052631578947,0.9140526315789473,12
v2pariglef,v2xpa_antiplural,ideology_wikipedia,FALSE,Non-OECD,1980s,1980,african_nationalism,18,11,-1.1151111111111112,0.9322777777777778,16
v2pariglef,v2xpa_antiplural,ideology_wikipedia,FALSE,Non-OECD,2000s,2000,anti_imperialism,16,7,-1.2634375,0.6115625,34
v2pariglef,v2xpa_antiplural,ideology_wikipedia,FALSE,Non-OECD,2010s,2010,pancasila,16,8,-0.42799999999999994,0.643625,36
v2pariglef,v2xpa_antiplural,ideology_wikipedia,FALSE,Non-OECD,2010s,2010,republicanism,15,9,0.14473333333333332,0.5029333333333333,35
v2pariglef,v2xpa_antiplural,ideology_wikipedia,FALSE,Non-OECD,2000s,2000,republicanism,20,10,-0.07390000000000002,0.4851,30
v2pariglef,v2xpa_antiplural,ideology_wikipedia,FALSE,OECD,1990s,1990,social_liberalism,20,10,-0.07684999999999999,0.0613,15
v2pariglef,v2xpa_antiplural,ideology_wikipedia,FALSE,OECD,2000s,2000,populism,22,13,0.20495454545454547,0.23204545454545455,15
v2pariglef,v2xpa_antiplural,ideology_wikipedia,FALSE,Non-OECD,2000s,2000,russophilia,19,10,0.3358947368421052,0.8215789473684211,31
v2pariglef,v2xpa_antiplural,ideology_wikipedia,FALSE,Non-OECD,2010s,2010,russophilia,19,13,0.035842105263157856,0.7734736842105263,26
v2pariglef,v2xpa_antiplural,ideology_wikipedia,FALSE,Non-OECD,2010s,2010,euroscepticism,18,12,-0.18344444444444444,0.7317777777777777,30
v2pariglef,v2xpa_antiplural,ideology_wikidata,TRUE,OECD,1990s,1990,social_democracy,116,47,-1.0057068965517242,0.1159396551724138,1
v2pariglef,v2xpa_antiplural,ideology_wikidata,TRUE,OECD,2000s,2000,social_democracy,115,50,-0.9571565217391305,0.1002,1
v2pariglef,v2xpa_antiplural,ideology_wikidata,TRUE,OECD,2010s,2010,social_democracy,126,51,-1.0648730158730157,0.12266666666666666,1
v2pariglef,v2xpa_antiplural,ideology_wikidata,FALSE,OECD,2000s,2000,green_politics,35,17,-1.2210285714285714,0.06628571428571428,15
v2pariglef,v2xpa_antiplural,ideology_wikidata,FALSE,OECD,2010s,2010,green_politics,41,20,-1.3898536585365855,0.10380487804878047,15
v2pariglef,v2xpa_antiplural,ideology_wikidata,TRUE,OECD,1970s,1970,liberal_conservatism,46,16,1.4054130434782608,0.09889130434782609,5
v2pariglef,v2xpa_antiplural,ideology_wikidata,TRUE,OECD,1970s,1970,social_liberalism,39,14,-0.026153846153846166,0.07971794871794871,8
v2pariglef,v2xpa_antiplural,ideology_wikidata,TRUE,OECD,1980s,1980,liberal_conservatism,46,17,1.2157173913043477,0.10623913043478261,5
v2pariglef,v2xpa_antiplural,ideology_wikidata,TRUE,OECD,1980s,1980,social_liberalism,43,16,-0.0864651162790697,0.06362790697674418,6
v2pariglef,v2xpa_antiplural,ideology_wikidata,FALSE,OECD,1990s,1990,liberal_conservatism,53,20,1.4522830188679245,0.1547924528301887,9
v2pariglef,v2xpa_antiplural,ideology_wikidata,FALSE,OECD,1990s,1990,social_liberalism,41,19,-0.028829268292682935,0.0734390243902439,12
v2pariglef,v2xpa_antiplural,ideology_wikidata,TRUE,OECD,2000s,2000,liberal_conservatism,62,25,1.404516129032258,0.1386451612903226,8
v2pariglef,v2xpa_antiplural,ideology_wikidata,TRUE,OECD,2000s,2000,social_liberalism,60,28,-0.057783333333333325,0.08389999999999999,4
v2pariglef,v2xpa_antiplural,ideology_wikidata,FALSE,OECD,2010s,2010,liberal_conservatism,67,28,1.3815671641791045,0.12376119402985074,12
v2pariglef,v2xpa_antiplural,ideology_wikidata,FALSE,OECD,2010s,2010,social_liberalism,66,30,-0.1471515151515151,0.09589393939393939,9
v2pariglef,v2xpa_antiplural,ideology_wikidata,FALSE,OECD,2000s,2000,democratic_socialism,51,22,-1.443549019607843,0.10129411764705883,11
v2pariglef,v2xpa_antiplural,ideology_wikidata,TRUE,OECD,2010s,2010,democratic_socialism,75,32,-1.7843733333333334,0.14670666666666668,6
v2pariglef,v2xpa_antiplural,ideology_wikidata,FALSE,OECD,2000s,2000,environmentalism,16,7,-0.7745,0.075,23
v2pariglef,v2xpa_antiplural,ideology_wikidata,FALSE,OECD,2010s,2010,environmentalism,28,12,-0.9098928571428572,0.17932142857142858,18
v2pariglef,v2xpa_antiplural,ideology_wikidata,TRUE,OECD,1970s,1970,democratic_socialism,37,16,-1.945891891891892,0.247027027027027,6
v2pariglef,v2xpa_antiplural,ideology_wikidata,TRUE,OECD,1970s,1970,liberalism,49,18,0.7148979591836736,0.18253061224489794,4
v2pariglef,v2xpa_antiplural,ideology_wikidata,TRUE,OECD,1970s,1970,social_democracy,88,35,-1.2610454545454546,0.1140340909090909,1
v2pariglef,v2xpa_antiplural,ideology_wikidata,TRUE,OECD,1980s,1980,democratic_socialism,36,15,-1.8662777777777777,0.19844444444444445,8
v2pariglef,v2xpa_antiplural,ideology_wikidata,TRUE,OECD,1980s,1980,liberalism,43,19,0.7545116279069767,0.19369767441860467,4
v2pariglef,v2xpa_antiplural,ideology_wikidata,TRUE,OECD,1980s,1980,social_democracy,82,32,-1.115329268292683,0.1053780487804878,1
v2pariglef,v2xpa_antiplural,ideology_wikidata,FALSE,OECD,1990s,1990,democratic_socialism,45,19,-1.5656444444444444,0.11071111111111112,11
v2pariglef,v2xpa_antiplural,ideology_wikidata,TRUE,OECD,1990s,1990,liberalism,58,24,1.0754827586206896,0.09955172413793106,4
v2pariglef,v2xpa_antiplural,ideology_wikidata,FALSE,OECD,2000s,2000,liberalism,47,21,0.886127659574468,0.12729787234042553,12
v2pariglef,v2xpa_antiplural,ideology_wikidata,FALSE,OECD,2010s,2010,liberalism,65,30,0.8448,0.11050769230769229,10
v2pariglef,v2xpa_antiplural,ideology_wikidata,FALSE,OECD,2010s,2010,secularism,16,6,-0.07287500000000001,0.267375,29
v2pariglef,v2xpa_antiplural,ideology_wikidata,FALSE,OECD,1970s,1970,communism,20,10,-2.9720999999999997,0.33549999999999996,12
v2pariglef,v2xpa_antiplural,ideology_wikidata,FALSE,OECD,2010s,2010,economic_nationalism,16,7,0.29268749999999993,0.599375,26
v2pariglef,v2xpa_antiplural,ideology_wikidata,TRUE,OECD,2010s,2010,social_conservatism,76,33,0.9025526315789474,0.38032894736842104,4
v2pariglef,v2xpa_antiplural,ideology_wikidata,FALSE,OECD,1970s,1970,agrarianism,26,7,0.7103461538461538,0.05307692307692308,14
v2pariglef,v2xpa_antiplural,ideology_wikidata,FALSE,OECD,1980s,1980,agrarianism,20,7,0.9326,0.04805,16
v2pariglef,v2xpa_antiplural,ideology_wikidata,FALSE,OECD,1990s,1990,agrarianism,32,13,0.5576250000000001,0.13709375000000001,16
v2pariglef,v2xpa_antiplural,ideology_wikidata,FALSE,OECD,2000s,2000,agrarianism,25,11,0.5830000000000001,0.07848000000000001,16
v2pariglef,v2xpa_antiplural,ideology_wikidata,FALSE,OECD,2010s,2010,agrarianism,29,11,0.6544482758620689,0.15462068965517242,19
v2pariglef,v2xpa_antiplural,ideology_wikidata,FALSE,OECD,2010s,2010,green_liberalism,16,7,0.02968749999999999,0.046625,27
v2pariglef,v2xpa_antiplural,ideology_wikidata,FALSE,OECD,1990s,1990,economic_liberalism,51,20,1.697764705882353,0.21729411764705883,10
v2pariglef,v2xpa_antiplural,ideology_wikidata,TRUE,OECD,1990s,1990,national_conservatism,47,22,1.6281063829787235,0.3606382978723404,6
v2pariglef,v2xpa_antiplural,ideology_wikidata,TRUE,OECD,1990s,1990,pro_europeanism,65,28,0.5615384615384615,0.08775384615384615,3
v2pariglef,v2xpa_antiplural,ideology_wikidata,FALSE,OECD,1990s,1990,right_wing_populism,32,15,1.5535625,0.43378125,14
v2pariglef,v2xpa_antiplural,ideology_wikidata,TRUE,OECD,2010s,2010,euroscepticism,86,39,0.3729302325581395,0.3767674418604651,3
v2pariglef,v2xpa_antiplural,ideology_wikidata,TRUE,OECD,2010s,2010,national_conservatism,71,32,1.6260985915492958,0.45071830985915495,7
v2pariglef,v2xpa_antiplural,ideology_wikidata,FALSE,OECD,2010s,2010,opposition_to_immigration,17,6,1.7495882352941177,0.36411764705882355,28
v2pariglef,v2xpa_antiplural,ideology_wikidata,TRUE,OECD,2010s,2010,right_wing_populism,64,31,1.39640625,0.49828125,8
v2pariglef,v2xpa_antiplural,ideology_wikidata,FALSE,OECD,1990s,1990,green_politics,30,15,-1.6237,0.034,15
v2pariglef,v2xpa_antiplural,ideology_wikidata,TRUE,OECD,1990s,1990,christian_democracy,73,30,0.7129589041095891,0.11776712328767124,2
v2pariglef,v2xpa_antiplural,ideology_wikidata,TRUE,OECD,1990s,1990,conservatism,53,21,1.1879056603773586,0.1756981132075472,7
v2pariglef,v2xpa_antiplural,ideology_wikidata,TRUE,OECD,2000s,2000,christian_democracy,79,34,0.8944303797468355,0.1139493670886076,2
v2pariglef,v2xpa_antiplural,ideology_wikidata,FALSE,OECD,2000s,2000,conservatism,52,22,1.2544230769230769,0.16534615384615386,10
v2pariglef,v2xpa_antiplural,ideology_wikidata,TRUE,OECD,2010s,2010,christian_democracy,75,33,0.9202666666666667,0.13283999999999999,5
v2pariglef,v2xpa_antiplural,ideology_wikidata,FALSE,OECD,2010s,2010,conservatism,54,23,1.1247407407407408,0.2832222222222222,13
v2pariglef,v2xpa_antiplural,ideology_wikidata,FALSE,OECD,1970s,1970,conservative_liberalism,30,10,1.6197333333333332,0.053766666666666664,11
v2pariglef,v2xpa_antiplural,ideology_wikidata,FALSE,OECD,1970s,1970,economic_liberalism,38,12,1.3922631578947369,0.08436842105263158,10
v2pariglef,v2xpa_antiplural,ideology_wikidata,TRUE,OECD,1970s,1970,pro_europeanism,49,19,0.5458571428571429,0.06983673469387754,3
v2pariglef,v2xpa_antiplural,ideology_wikidata,FALSE,OECD,1980s,1980,conservative_liberalism,32,12,1.6519375,0.060000000000000005,10
v2pariglef,v2xpa_antiplural,ideology_wikidata,TRUE,OECD,1980s,1980,economic_liberalism,40,15,1.409325,0.117425,7
v2pariglef,v2xpa_antiplural,ideology_wikidata,TRUE,OECD,1980s,1980,pro_europeanism,57,20,0.5031578947368421,0.057157894736842116,3
v2pariglef,v2xpa_antiplural,ideology_wikidata,FALSE,OECD,1990s,1990,conservative_liberalism,33,15,1.6214545454545455,0.047696969696969696,13
v2pariglef,v2xpa_antiplural,ideology_wikidata,FALSE,OECD,2000s,2000,conservative_liberalism,37,17,1.576945945945946,0.08986486486486488,14
v2pariglef,v2xpa_antiplural,ideology_wikidata,FALSE,OECD,2000s,2000,economic_liberalism,51,23,1.617137254901961,0.2155686274509804,9
v2pariglef,v2xpa_antiplural,ideology_wikidata,TRUE,OECD,2000s,2000,pro_europeanism,76,33,0.30948684210526317,0.08130263157894738,3
v2pariglef,v2xpa_antiplural,ideology_wikidata,FALSE,OECD,2010s,2010,conservative_liberalism,51,21,1.4134509803921569,0.11037254901960784,14
v2pariglef,v2xpa_antiplural,ideology_wikidata,FALSE,OECD,2010s,2010,economic_liberalism,70,29,1.8074571428571429,0.2615857142857143,11
v2pariglef,v2xpa_antiplural,ideology_wikidata,TRUE,OECD,2010s,2010,pro_europeanism,116,48,0.35337931034482756,0.1018189655172414,2
v2pariglef,v2xpa_antiplural,ideology_wikidata,FALSE,OECD,1970s,1970,euroscepticism,20,8,0.1256500000000001,0.23679999999999998,13
v2pariglef,v2xpa_antiplural,ideology_wikidata,FALSE,OECD,1980s,1980,euroscepticism,21,10,-0.6121904761904762,0.25485714285714284,12
v2pariglef,v2xpa_antiplural,ideology_wikidata,TRUE,OECD,1990s,1990,euroscepticism,46,21,0.3840000000000002,0.38556521739130434,8
v2pariglef,v2xpa_antiplural,ideology_wikidata,TRUE,OECD,2000s,2000,euroscepticism,59,26,0.2537796610169492,0.3207966101694915,7
v2pariglef,v2xpa_antiplural,ideology_wikidata,FALSE,OECD,2000s,2000,feminism,17,8,-1.5458823529411765,0.05758823529411765,21
v2pariglef,v2xpa_antiplural,ideology_wikidata,FALSE,OECD,2010s,2010,feminism,25,9,-1.84944,0.14543999999999999,22
v2pariglef,v2xpa_antiplural,ideology_wikidata,FALSE,OECD,1970s,1970,national_conservatism,19,7,1.845,0.42936842105263157,15
v2pariglef,v2xpa_antiplural,ideology_wikidata,FALSE,OECD,1980s,1980,national_conservatism,19,9,1.7782105263157895,0.433,14
v2pariglef,v2xpa_antiplural,ideology_wikidata,TRUE,OECD,2000s,2000,national_conservatism,58,27,1.5597068965517242,0.33563793103448275,5
v2pariglef,v2xpa_antiplural,ideology_wikidata,FALSE,OECD,2000s,2000,right_wing_populism,42,21,1.5847619047619048,0.41123809523809524,13
v2pariglef,v2xpa_antiplural,ideology_wikidata,FALSE,OECD,1990s,1990,nationalism,19,11,1.4932631578947368,0.5531052631578948,17
v2pariglef,v2xpa_antiplural,ideology_wikidata,TRUE,OECD,1970s,1970,christian_democracy,54,24,0.6335740740740741,0.10412962962962963,2
v2pariglef,v2xpa_antiplural,ideology_wikidata,TRUE,OECD,1980s,1980,christian_democracy,59,23,0.7169491525423729,0.08549152542372881,2
v2pariglef,v2xpa_antiplural,ideology_wikidata,TRUE,Non-OECD,1990s,1990,social_democracy,169,83,-0.8670118343195267,0.4024142011834319,1
v2pariglef,v2xpa_antiplural,ideology_wikidata,TRUE,Non-OECD,2000s,2000,social_democracy,196,107,-0.7397551020408163,0.41672448979591836,1
v2pariglef,v2xpa_antiplural,ideology_wikidata,TRUE,Non-OECD,2010s,2010,social_democracy,178,103,-0.6674775280898877,0.44787078651685397,1
v2pariglef,v2xpa_antiplural,ideology_wikidata,FALSE,Non-OECD,1990s,1990,liberal_conservatism,27,19,1.1181481481481481,0.4521481481481482,12
v2pariglef,v2xpa_antiplural,ideology_wikidata,FALSE,Non-OECD,2000s,2000,liberal_conservatism,43,23,0.933906976744186,0.4605581395348837,13
v2pariglef,v2xpa_antiplural,ideology_wikidata,FALSE,Non-OECD,2010s,2010,liberal_conservatism,57,30,0.8374561403508772,0.4653684210526316,12
v2pariglef,v2xpa_antiplural,ideology_wikidata,TRUE,Non-OECD,2000s,2000,liberalism,70,39,0.6960285714285714,0.3762857142857143,6
v2pariglef,v2xpa_antiplural,ideology_wikidata,FALSE,Non-OECD,2000s,2000,progressivism,30,14,-0.5195333333333334,0.3399,22
v2pariglef,v2xpa_antiplural,ideology_wikidata,FALSE,Non-OECD,2010s,2010,liberalism,53,34,0.6471509433962264,0.3678301886792453,9
v2pariglef,v2xpa_antiplural,ideology_wikidata,FALSE,Non-OECD,2010s,2010,progressivism,34,21,-0.6095,0.3578823529411765,17
v2pariglef,v2xpa_antiplural,ideology_wikidata,FALSE,Non-OECD,1990s,1990,african_nationalism,22,11,-0.6308636363636364,0.7554545454545455,23
v2pariglef,v2xpa_antiplural,ideology_wikidata,FALSE,Non-OECD,2000s,2000,african_nationalism,20,10,-0.34684999999999994,0.70765,30
v2pariglef,v2xpa_antiplural,ideology_wikidata,FALSE,Non-OECD,2010s,2010,african_nationalism,16,9,0.04793750000000005,0.7191875,37
v2pariglef,v2xpa_antiplural,ideology_wikidata,TRUE,Non-OECD,1970s,1970,anti_communism,32,17,1.321625,0.93853125,5
v2pariglef,v2xpa_antiplural,ideology_wikidata,FALSE,Non-OECD,1970s,1970,authoritarianism,25,11,-0.10112000000000007,0.98208,11
v2pariglef,v2xpa_antiplural,ideology_wikidata,FALSE,Non-OECD,1970s,1970,christian_democracy,17,12,1.1054705882352942,0.5174117647058823,10
v2pariglef,v2xpa_antiplural,ideology_wikidata,TRUE,Non-OECD,1970s,1970,conservatism,47,26,1.4954680851063828,0.8270212765957446,1
v2pariglef,v2xpa_antiplural,ideology_wikidata,TRUE,Non-OECD,1980s,1980,anti_communism,32,16,0.7643749999999999,0.80896875,5
v2pariglef,v2xpa_antiplural,ideology_wikidata,FALSE,Non-OECD,1980s,1980,authoritarianism,20,12,-0.19314999999999993,0.93645,13
v2pariglef,v2xpa_antiplural,ideology_wikidata,FALSE,Non-OECD,1980s,1980,christian_democracy,29,14,0.9585862068965517,0.42510344827586205,9
v2pariglef,v2xpa_antiplural,ideology_wikidata,TRUE,Non-OECD,1980s,1980,conservatism,53,27,1.356188679245283,0.792188679245283,2
v2pariglef,v2xpa_antiplural,ideology_wikidata,FALSE,Non-OECD,1990s,1990,anti_communism,34,16,0.7804117647058824,0.507264705882353,16
v2pariglef,v2xpa_antiplural,ideology_wikidata,FALSE,Non-OECD,1990s,1990,authoritarianism,20,11,-0.12050000000000001,0.9380999999999999,24
v2pariglef,v2xpa_antiplural,ideology_wikidata,TRUE,Non-OECD,1990s,1990,christian_democracy,74,35,1.000918918918919,0.3394189189189189,4
v2pariglef,v2xpa_antiplural,ideology_wikidata,TRUE,Non-OECD,1990s,1990,conservatism,95,52,1.0294526315789474,0.5452210526315789,2
v2pariglef,v2xpa_antiplural,ideology_wikidata,TRUE,Non-OECD,1990s,1990,economic_liberalism,62,33,0.824258064516129,0.5320483870967742,5
v2pariglef,v2xpa_antiplural,ideology_wikidata,TRUE,Non-OECD,1990s,1990,populism,62,30,-0.05522580645161299,0.5358064516129033,8
v2pariglef,v2xpa_antiplural,ideology_wikidata,FALSE,Non-OECD,2000s,2000,anti_communism,36,17,0.8298055555555556,0.5066944444444444,18
v2pariglef,v2xpa_antiplural,ideology_wikidata,TRUE,Non-OECD,2000s,2000,conservatism,112,58,0.9263482142857143,0.5253214285714286,2
v2pariglef,v2xpa_antiplural,ideology_wikidata,TRUE,Non-OECD,2000s,2000,economic_liberalism,70,35,0.9450857142857143,0.5378428571428572,7
v2pariglef,v2xpa_antiplural,ideology_wikidata,TRUE,Non-OECD,2000s,2000,populism,84,44,0.15050000000000002,0.5569761904761905,4
v2pariglef,v2xpa_antiplural,ideology_wikidata,TRUE,Non-OECD,1980s,1980,liberalism,31,16,0.28261290322580646,0.5159677419354839,6
v2pariglef,v2xpa_antiplural,ideology_wikidata,TRUE,Non-OECD,1990s,1990,liberalism,53,32,0.5620566037735849,0.3973018867924528,6
v2pariglef,v2xpa_antiplural,ideology_wikidata,FALSE,Non-OECD,2010s,2010,anti_imperialism,23,14,-0.9435652173913042,0.8062173913043478,27
v2pariglef,v2xpa_antiplural,ideology_wikidata,FALSE,Non-OECD,2010s,2010,left_wing_populism,30,16,-1.4494,0.5899666666666666,23
v2pariglef,v2xpa_antiplural,ideology_wikidata,FALSE,Non-OECD,2010s,2010,marxism_leninism,23,11,-1.5129565217391305,0.6490869565217391,31
v2pariglef,v2xpa_antiplural,ideology_wikidata,FALSE,Non-OECD,2010s,2010,pan_africanism,16,9,-1.1323750000000001,0.7815625,38
v2pariglef,v2xpa_antiplural,ideology_wikidata,FALSE,Non-OECD,1990s,1990,civic_nationalism,23,12,0.22099999999999997,0.3522608695652174,22
v2pariglef,v2xpa_antiplural,ideology_wikidata,FALSE,OECD,1970s,1970,socialism,17,6,-2.185705882352941,0.1806470588235294,16
v2pariglef,v2xpa_antiplural,ideology_wikidata,FALSE,OECD,1980s,1980,socialism,16,8,-2.226625,0.27025,15
v2pariglef,v2xpa_antiplural,ideology_wikidata,FALSE,OECD,1990s,1990,socialism,15,8,-2.2255333333333334,0.24766666666666667,18
v2pariglef,v2xpa_antiplural,ideology_wikidata,FALSE,OECD,2000s,2000,progressivism,24,10,-1.7045,0.04745833333333333,18
v2pariglef,v2xpa_antiplural,ideology_wikidata,FALSE,OECD,2000s,2000,republicanism,21,7,-2.076142857142857,0.09257142857142857,22
v2pariglef,v2xpa_antiplural,ideology_wikidata,FALSE,OECD,2010s,2010,progressivism,29,13,-1.6896206896551724,0.06272413793103448,17
v2pariglef,v2xpa_antiplural,ideology_wikidata,FALSE,OECD,2010s,2010,republicanism,28,9,-2.1293214285714286,0.15764285714285714,21
v2pariglef,v2xpa_antiplural,ideology_wikidata,FALSE,OECD,1970s,1970,social_conservatism,37,14,1.2510270270270272,0.27764864864864863,9
v2pariglef,v2xpa_antiplural,ideology_wikidata,FALSE,OECD,1980s,1980,social_conservatism,26,10,1.241,0.2086923076923077,11
v2pariglef,v2xpa_antiplural,ideology_wikidata,TRUE,OECD,1990s,1990,social_conservatism,56,24,0.9654285714285714,0.28928571428571426,5
v2pariglef,v2xpa_antiplural,ideology_wikidata,TRUE,OECD,2000s,2000,social_conservatism,67,26,0.9265820895522388,0.2715820895522388,6
v2pariglef,v2xpa_antiplural,ideology_wikidata,TRUE,OECD,1970s,1970,conservatism,38,15,1.2887631578947367,0.2099736842105263,7
v2pariglef,v2xpa_antiplural,ideology_wikidata,FALSE,OECD,1980s,1980,conservatism,34,12,1.4364117647058823,0.14673529411764705,9
v2pariglef,v2xpa_antiplural,ideology_wikidata,FALSE,Non-OECD,1970s,1970,left_wing_nationalism,15,9,-2.0486666666666666,0.8298666666666666,16
v2pariglef,v2xpa_antiplural,ideology_wikidata,FALSE,Non-OECD,1980s,1980,left_wing_nationalism,20,11,-2.0639,0.81965,15
v2pariglef,v2xpa_antiplural,ideology_wikidata,FALSE,Non-OECD,1990s,1990,national_conservatism,35,17,0.8712,0.7208,15
v2pariglef,v2xpa_antiplural,ideology_wikidata,TRUE,Non-OECD,1990s,1990,nationalism,58,31,0.23434482758620692,0.6258793103448276,7
v2pariglef,v2xpa_antiplural,ideology_wikidata,FALSE,Non-OECD,2000s,2000,authoritarianism,22,11,0.2771363636363636,0.9452727272727273,27
v2pariglef,v2xpa_antiplural,ideology_wikidata,FALSE,Non-OECD,2000s,2000,national_conservatism,56,27,0.7391964285714285,0.5766249999999999,11
v2pariglef,v2xpa_antiplural,ideology_wikidata,TRUE,Non-OECD,2000s,2000,nationalism,82,44,0.2832317073170731,0.669219512195122,5
v2pariglef,v2xpa_antiplural,ideology_wikidata,FALSE,Non-OECD,2010s,2010,authoritarianism,21,11,0.49538095238095237,0.8947619047619048,32
v2pariglef,v2xpa_antiplural,ideology_wikidata,FALSE,Non-OECD,2010s,2010,national_conservatism,56,32,0.55925,0.6519107142857142,10
v2pariglef,v2xpa_antiplural,ideology_wikidata,TRUE,Non-OECD,2010s,2010,nationalism,87,53,0.411183908045977,0.6643103448275862,4
v2pariglef,v2xpa_antiplural,ideology_wikidata,FALSE,Non-OECD,2010s,2010,social_liberalism,47,29,-0.052042553191489434,0.35727659574468085,13
v2pariglef,v2xpa_antiplural,ideology_wikidata,FALSE,Non-OECD,1990s,1990,third_way,31,12,-0.19151612903225806,0.23661290322580647,20
v2pariglef,v2xpa_antiplural,ideology_wikidata,TRUE,Non-OECD,2010s,2010,populism,102,61,0.23832352941176466,0.5711862745098039,3
v2pariglef,v2xpa_antiplural,ideology_wikidata,FALSE,Non-OECD,2010s,2010,third_way,42,24,0.17904761904761904,0.3422857142857143,16
v2pariglef,v2xpa_antiplural,ideology_wikidata,TRUE,Non-OECD,2010s,2010,conservatism,113,63,0.9502831858407079,0.5032300884955753,2
v2pariglef,v2xpa_antiplural,ideology_wikidata,FALSE,Non-OECD,1990s,1990,communism,32,18,-2.0275,0.56109375,14
v2pariglef,v2xpa_antiplural,ideology_wikidata,FALSE,Non-OECD,1990s,1990,left_wing_nationalism,36,21,-1.6078333333333334,0.6270833333333333,11
v2pariglef,v2xpa_antiplural,ideology_wikidata,FALSE,Non-OECD,1990s,1990,left_wing_populism,28,10,-1.8906785714285714,0.6028214285714285,25
v2pariglef,v2xpa_antiplural,ideology_wikidata,FALSE,Non-OECD,1990s,1990,marxism_leninism,34,15,-2.2156764705882352,0.6613235294117648,17
v2pariglef,v2xpa_antiplural,ideology_wikidata,FALSE,Non-OECD,1990s,1990,social_conservatism,46,25,-0.22176086956521737,0.6628913043478261,9
v2pariglef,v2xpa_antiplural,ideology_wikidata,FALSE,Non-OECD,1990s,1990,socialism,24,12,-2.040208333333333,0.6990833333333333,21
v2pariglef,v2xpa_antiplural,ideology_wikidata,FALSE,Non-OECD,2000s,2000,communism,37,18,-2.0177297297297296,0.584972972972973,16
v2pariglef,v2xpa_antiplural,ideology_wikidata,FALSE,Non-OECD,2000s,2000,left_wing_nationalism,47,24,-1.3913617021276596,0.590936170212766,12
v2pariglef,v2xpa_antiplural,ideology_wikidata,FALSE,Non-OECD,2000s,2000,left_wing_populism,30,13,-1.752,0.5688333333333333,25
v2pariglef,v2xpa_antiplural,ideology_wikidata,FALSE,Non-OECD,2000s,2000,marxism_leninism,29,15,-1.8763103448275862,0.6696206896551724,20
v2pariglef,v2xpa_antiplural,ideology_wikidata,FALSE,Non-OECD,2000s,2000,social_conservatism,58,27,0.04418965517241367,0.6302586206896552,10
v2pariglef,v2xpa_antiplural,ideology_wikidata,FALSE,Non-OECD,2000s,2000,socialism,28,14,-1.9608571428571429,0.5127857142857143,23
v2pariglef,v2xpa_antiplural,ideology_wikidata,FALSE,Non-OECD,2010s,2010,communism,28,15,-1.5333571428571429,0.6161071428571429,25
v2pariglef,v2xpa_antiplural,ideology_wikidata,FALSE,Non-OECD,2010s,2010,left_wing_nationalism,49,24,-1.229204081632653,0.628061224489796,15
v2pariglef,v2xpa_antiplural,ideology_wikidata,TRUE,Non-OECD,2010s,2010,social_conservatism,68,35,0.1089117647058823,0.6716029411764706,8
v2pariglef,v2xpa_antiplural,ideology_wikidata,FALSE,Non-OECD,2010s,2010,socialism,19,12,-1.3906315789473684,0.3960526315789474,29
v2pariglef,v2xpa_antiplural,ideology_wikidata,TRUE,Non-OECD,2000s,2000,democratic_socialism,89,51,-1.0215280898876404,0.4687752808988764,3
v2pariglef,v2xpa_antiplural,ideology_wikidata,TRUE,Non-OECD,2010s,2010,democratic_socialism,78,45,-0.8950128205128205,0.5111025641025642,6
v2pariglef,v2xpa_antiplural,ideology_wikidata,FALSE,Non-OECD,1990s,1990,right_wing_populism,17,6,1.0500588235294117,0.7834705882352941,29
v2pariglef,v2xpa_antiplural,ideology_wikidata,FALSE,Non-OECD,1990s,1990,statism,17,9,-0.9170588235294118,0.8048235294117647,27
v2pariglef,v2xpa_antiplural,ideology_wikidata,FALSE,Non-OECD,2000s,2000,euroscepticism,16,8,0.5645625,0.7710625,31
v2pariglef,v2xpa_antiplural,ideology_wikidata,FALSE,Non-OECD,2000s,2000,statism,22,11,-0.48572727272727273,0.8527727272727272,28
v2pariglef,v2xpa_antiplural,ideology_wikidata,FALSE,Non-OECD,2010s,2010,anti_communism,28,16,0.7893928571428571,0.6467857142857143,24
v2pariglef,v2xpa_antiplural,ideology_wikidata,FALSE,Non-OECD,2010s,2010,euroscepticism,27,17,0.20548148148148138,0.7915925925925926,22
v2pariglef,v2xpa_antiplural,ideology_wikidata,FALSE,Non-OECD,2010s,2010,right_wing_populism,20,14,0.99595,0.78775,28
v2pariglef,v2xpa_antiplural,ideology_wikidata,FALSE,Non-OECD,2010s,2010,statism,26,14,-0.49096153846153845,0.8674999999999999,26
v2pariglef,v2xpa_antiplural,ideology_wikidata,FALSE,Non-OECD,1990s,1990,conservative_liberalism,18,10,0.8370555555555554,0.33444444444444443,26
v2pariglef,v2xpa_antiplural,ideology_wikidata,FALSE,Non-OECD,1990s,1990,pro_europeanism,41,21,0.15014634146341468,0.3134878048780488,10
v2pariglef,v2xpa_antiplural,ideology_wikidata,FALSE,Non-OECD,1990s,1990,progressivism,27,13,-0.8533703703703703,0.225,19
v2pariglef,v2xpa_antiplural,ideology_wikidata,FALSE,Non-OECD,1990s,1990,social_liberalism,29,15,-0.30358620689655186,0.17896551724137932,18
v2pariglef,v2xpa_antiplural,ideology_wikidata,FALSE,Non-OECD,1990s,1990,neoliberalism,19,7,0.9343684210526316,0.4473157894736842,28
v2pariglef,v2xpa_antiplural,ideology_wikidata,FALSE,Non-OECD,1970s,1970,anti_imperialism,16,10,-2.250125,0.9513125,14
v2pariglef,v2xpa_antiplural,ideology_wikidata,FALSE,Non-OECD,1970s,1970,communism,22,12,-2.733090909090909,0.7687727272727273,9
v2pariglef,v2xpa_antiplural,ideology_wikidata,TRUE,Non-OECD,1970s,1970,marxism_leninism,23,12,-3.1440869565217393,0.8455652173913043,8
v2pariglef,v2xpa_antiplural,ideology_wikidata,FALSE,Non-OECD,1970s,1970,secularism,17,9,-1.3831764705882355,0.6979411764705882,15
v2pariglef,v2xpa_antiplural,ideology_wikidata,FALSE,Non-OECD,1970s,1970,socialism,18,10,-2.216611111111111,0.827,13
v2pariglef,v2xpa_antiplural,ideology_wikidata,FALSE,Non-OECD,1980s,1980,communism,25,13,-2.43148,0.72172,11
v2pariglef,v2xpa_antiplural,ideology_wikidata,TRUE,Non-OECD,1980s,1980,marxism_leninism,27,15,-2.7527777777777778,0.7891851851851852,8
v2pariglef,v2xpa_antiplural,ideology_wikidata,FALSE,Non-OECD,1980s,1980,secularism,22,11,-0.8325909090909092,0.6037727272727272,14
v2pariglef,v2xpa_antiplural,ideology_wikidata,FALSE,Non-OECD,1980s,1980,socialism,18,10,-1.8615,0.8064444444444444,17
v2pariglef,v2xpa_antiplural,ideology_wikidata,FALSE,Non-OECD,2000s,2000,pro_europeanism,65,28,0.21896923076923078,0.27043076923076925,9
v2pariglef,v2xpa_antiplural,ideology_wikidata,TRUE,Non-OECD,2010s,2010,pro_europeanism,66,38,0.37031818181818177,0.2999242424242424,7
v2pariglef,v2xpa_antiplural,ideology_wikidata,TRUE,Non-OECD,1990s,1990,democratic_socialism,81,45,-1.1199506172839506,0.4911604938271605,3
v2pariglef,v2xpa_antiplural,ideology_wikidata,FALSE,Non-OECD,1980s,1980,economic_liberalism,28,13,1.4898928571428571,0.6716428571428571,10
v2pariglef,v2xpa_antiplural,ideology_wikidata,FALSE,Non-OECD,2010s,2010,conservative_liberalism,28,17,0.959857142857143,0.5593571428571429,21
v2pariglef,v2xpa_antiplural,ideology_wikidata,TRUE,Non-OECD,2010s,2010,economic_liberalism,88,45,1.009056818181818,0.49935227272727273,5
v2pariglef,v2xpa_antiplural,ideology_wikidata,FALSE,Non-OECD,2010s,2010,national_liberalism,16,8,0.9256875,0.3645625,39
v2pariglef,v2xpa_antiplural,ideology_wikidata,FALSE,Non-OECD,2010s,2010,secularism,48,28,0.10656250000000005,0.61825,14
v2pariglef,v2xpa_antiplural,ideology_wikidata,FALSE,Non-OECD,1980s,1980,social_conservatism,24,12,0.505,0.8336666666666667,12
v2pariglef,v2xpa_antiplural,ideology_wikidata,FALSE,Non-OECD,2010s,2010,islamism,25,18,0.10808000000000001,0.81196,19
v2pariglef,v2xpa_antiplural,ideology_wikidata,FALSE,Non-OECD,2010s,2010,neoliberalism,17,11,0.9359999999999999,0.6279411764705882,33
v2pariglef,v2xpa_antiplural,ideology_wikidata,FALSE,Non-OECD,2000s,2000,islamism,24,16,0.564125,0.7704166666666666,19
v2pariglef,v2xpa_antiplural,ideology_wikidata,FALSE,OECD,2010s,2010,third_way,15,6,0.1038,0.23626666666666665,30
v2pariglef,v2xpa_antiplural,ideology_wikidata,FALSE,OECD,2010s,2010,anti_communism,19,8,1.691421052631579,0.6913157894736842,24
v2pariglef,v2xpa_antiplural,ideology_wikidata,FALSE,OECD,2000s,2000,populism,20,11,0.040800000000000024,0.2993,17
v2pariglef,v2xpa_antiplural,ideology_wikidata,FALSE,OECD,1980s,1980,communism,19,10,-2.945,0.3191578947368421,13
v2pariglef,v2xpa_antiplural,ideology_wikidata,FALSE,OECD,2010s,2010,classical_liberalism,17,8,1.559294117647059,0.09164705882352941,25
v2pariglef,v2xpa_antiplural,ideology_wikidata,FALSE,OECD,2010s,2010,populism,28,18,-0.09799999999999995,0.25757142857142856,16
v2pariglef,v2xpa_antiplural,ideology_wikidata,FALSE,Non-OECD,2000s,2000,social_liberalism,34,20,0.031647058823529445,0.2853823529411765,15
v2pariglef,v2xpa_antiplural,ideology_wikidata,FALSE,Non-OECD,2000s,2000,third_way,28,15,-0.058464285714285705,0.24042857142857144,21
v2pariglef,v2xpa_antiplural,ideology_wikidata,TRUE,Non-OECD,1980s,1980,democratic_socialism,41,22,-1.620829268292683,0.6738780487804878,4
v2pariglef,v2xpa_antiplural,ideology_wikidata,TRUE,Non-OECD,1980s,1980,social_democracy,65,35,-1.2215692307692307,0.4417076923076923,1
v2pariglef,v2xpa_antiplural,ideology_wikidata,TRUE,Non-OECD,1980s,1980,populism,32,15,-0.06453125000000015,0.59240625,7
v2pariglef,v2xpa_antiplural,ideology_wikidata,FALSE,Non-OECD,1980s,1980,civic_nationalism,18,8,0.12372222222222226,0.41455555555555557,19
v2pariglef,v2xpa_antiplural,ideology_wikidata,FALSE,Non-OECD,2000s,2000,civic_nationalism,36,18,0.4618055555555555,0.4091111111111111,17
v2pariglef,v2xpa_antiplural,ideology_wikidata,FALSE,Non-OECD,2010s,2010,civic_nationalism,36,17,0.4566388888888889,0.4088333333333333,20
v2pariglef,v2xpa_antiplural,ideology_wikidata,TRUE,Non-OECD,2000s,2000,christian_democracy,62,33,1.1290483870967742,0.3779354838709677,8
v2pariglef,v2xpa_antiplural,ideology_wikidata,FALSE,Non-OECD,2010s,2010,christian_democracy,53,31,1.288754716981132,0.3800566037735849,11
v2pariglef,v2xpa_antiplural,ideology_wikidata,FALSE,Non-OECD,2010s,2010,republicanism,20,9,0.80345,0.34809999999999997,35
v2pariglef,v2xpa_antiplural,ideology_wikidata,FALSE,Non-OECD,1970s,1970,national_conservatism,17,8,1.1561764705882354,0.9091764705882353,17
v2pariglef,v2xpa_antiplural,ideology_wikidata,TRUE,Non-OECD,1970s,1970,social_conservatism,22,13,1.1758181818181817,0.8493181818181819,6
v2pariglef,v2xpa_antiplural,ideology_wikidata,FALSE,OECD,2000s,2000,eco_socialism,16,7,-2.1506250000000002,0.0661875,24
v2pariglef,v2xpa_antiplural,ideology_wikidata,FALSE,OECD,2010s,2010,eco_socialism,27,11,-2.258074074074074,0.14729629629629631,20
v2pariglef,v2xpa_antiplural,ideology_wikidata,FALSE,Non-OECD,2000s,2000,national_liberalism,15,6,1.1328,0.3182,33
v2pariglef,v2xpa_antiplural,ideology_wikidata,FALSE,Non-OECD,1980s,1980,national_conservatism,19,8,1.4911578947368422,0.8919473684210526,18
v2pariglef,v2xpa_antiplural,ideology_wikidata,FALSE,Non-OECD,1990s,1990,secularism,33,18,-0.7397878787878788,0.5716666666666667,13
v2pariglef,v2xpa_antiplural,ideology_wikidata,FALSE,Non-OECD,2000s,2000,secularism,39,21,-0.23933333333333334,0.6661282051282051,14
v2pariglef,v2xpa_antiplural,ideology_wikidata,TRUE,Non-OECD,1980s,1980,nationalism,48,22,-0.29658333333333337,0.7426041666666666,3
v2pariglef,v2xpa_antiplural,ideology_wikidata,FALSE,Non-OECD,1970s,1970,economic_liberalism,18,11,1.4453333333333334,0.8791111111111111,12
v2pariglef,v2xpa_antiplural,ideology_wikidata,FALSE,Non-OECD,2000s,2000,neoliberalism,16,7,0.6071875,0.5685625,32
v2pariglef,v2xpa_antiplural,ideology_wikidata,FALSE,Non-OECD,2000s,2000,anti_imperialism,20,11,-0.72155,0.71135,29
v2pariglef,v2xpa_antiplural,ideology_wikidata,TRUE,Non-OECD,1970s,1970,nationalism,35,22,-0.6231428571428572,0.8174285714285714,3
v2pariglef,v2xpa_antiplural,ideology_wikidata,TRUE,Non-OECD,1970s,1970,social_democracy,42,24,-1.4487619047619047,0.5402857142857143,2
v2pariglef,v2xpa_antiplural,ideology_wikidata,FALSE,Non-OECD,2010s,2010,islamic_democracy,30,18,0.14276666666666665,0.6044333333333334,18
v2pariglef,v2xpa_antiplural,ideology_wikidata,TRUE,Non-OECD,1970s,1970,democratic_socialism,35,20,-1.5976571428571429,0.6818285714285715,4
v2pariglef,v2xpa_antiplural,ideology_wikidata,FALSE,Non-OECD,2010s,2010,regionalism,15,11,-0.11300000000000004,0.45640000000000003,34
v2pariglef,v2xpa_antiplural,ideology_wikidata,FALSE,OECD,2000s,2000,nationalism,17,9,1.2125882352941175,0.4662941176470588,19
v2pariglef,v2xpa_antiplural,ideology_wikidata,FALSE,Non-OECD,2000s,2000,islamic_democracy,23,13,0.20839130434782613,0.6167391304347826,26
v2pariglef,v2xpa_antiplural,ideology_wikidata,TRUE,Non-OECD,1970s,1970,african_nationalism,25,12,-0.919,0.95244,7
v2pariglef,v2xpa_antiplural,ideology_wikidata,FALSE,Non-OECD,2000s,2000,conservative_liberalism,27,14,0.8988888888888888,0.46029629629629626,24
v2pariglef,v2xpa_antiplural,ideology_wikidata,FALSE,Non-OECD,1980s,1980,african_nationalism,17,11,-0.7251176470588235,0.957764705882353,16
v2pariglef,v2xpa_antiplural,ideology_wikidata,FALSE,Non-OECD,2010s,2010,pancasila,17,9,-0.46358823529411763,0.6499411764705882,36
v2pariglef,v2xpa_antiplural,ideology_wikidata,FALSE,OECD,2000s,2000,classical_liberalism,18,8,1.4852777777777777,0.114,20
v2pariglef,v2xpa_antiplural,ideology_wikidata,FALSE,OECD,2010s,2010,nationalism,19,9,1.0711052631578948,0.4442631578947368,23
v2pariglef,v2xpa_antiplural,ideology_wikidata,FALSE,OECD,1990s,1990,classical_liberalism,15,6,1.7395333333333334,0.06026666666666666,19
v2pariglef,v2xpa_antiplural,ideology_wikidata,FALSE,Non-OECD,2000s,2000,atlanticism,16,5,0.1915,0.408625,34
v2pariglef,v2xpa_antiplural,ideology_wikidata,FALSE,Non-OECD,2010s,2010,russophilia,16,12,-0.09981249999999998,0.7112499999999999,30
