group,decade,decade_start,row_i,col_i,row_lab,col_lab,jaccard,n_pairs
OECD,1970s,1970,1,1,0.0-0.1,0.0-0.1,0.33955223880597013,381
OECD,1970s,1970,2,1,0.1-0.2,0.0-0.1,0.08029197080291971,381
OECD,1970s,1970,3,1,0.2-0.3,0.0-0.1,0.015873015873015872,381
OECD,1970s,1970,4,1,0.3-0.4,0.0-0.1,0.02459016393442623,381
OECD,1970s,1970,5,1,0.4-0.5,0.0-0.1,0,381
OECD,1970s,1970,6,1,0.5-0.6,0.0-0.1,0,381
OECD,1970s,1970,7,1,0.6-0.7,0.0-0.1,0,381
OECD,1970s,1970,8,1,0.7-0.8,0.0-0.1,0,381
OECD,1970s,1970,9,1,0.8-0.9,0.0-0.1,0.008403361344537815,381
OECD,1970s,1970,10,1,0.9-1.0,0.0-0.1,0.007462686567164179,381
OECD,1970s,1970,1,2,0.0-0.1,0.1-0.2,0.16666666666666666,381
OECD,1970s,1970,2,2,0.1-0.2,0.1-0.2,0.037383177570093455,381
OECD,1970s,1970,3,2,0.2-0.3,0.1-0.2,0,381
OECD,1970s,1970,4,2,0.3-0.4,0.1-0.2,0,381
OECD,1970s,1970,5,2,0.4-0.5,0.1-0.2,0.013157894736842105,381
OECD,1970s,1970,6,2,0.5-0.6,0.1-0.2,0.02631578947368421,381
OECD,1970s,1970,7,2,0.6-0.7,0.1-0.2,0,381
OECD,1970s,1970,8,2,0.7-0.8,0.1-0.2,0,381
OECD,1970s,1970,9,2,0.8-0.9,0.1-0.2,0.012195121951219513,381
OECD,1970s,1970,10,2,0.9-1.0,0.1-0.2,0.225,381
OECD,1970s,1970,1,3,0.0-0.1,0.2-0.3,0.1386861313868613,381
OECD,1970s,1970,2,3,0.1-0.2,0.2-0.3,0.10989010989010989,381
OECD,1970s,1970,3,3,0.2-0.3,0.2-0.3,0.08,381
OECD,1970s,1970,4,3,0.3-0.4,0.2-0.3,0.012987012987012988,381
OECD,1970s,1970,5,3,0.4-0.5,0.2-0.3,0,381
OECD,1970s,1970,6,3,0.5-0.6,0.2-0.3,0.014925373134328358,381
OECD,1970s,1970,7,3,0.6-0.7,0.2-0.3,0,381
OECD,1970s,1970,8,3,0.7-0.8,0.2-0.3,0,381
OECD,1970s,1970,9,3,0.8-0.9,0.2-0.3,0,381
OECD,1970s,1970,10,3,0.9-1.0,0.2-0.3,0.07317073170731707,381
OECD,1970s,1970,1,4,0.0-0.1,0.3-0.4,0.12260536398467432,381
OECD,1970s,1970,2,4,0.1-0.2,0.3-0.4,0.05128205128205128,381
OECD,1970s,1970,3,4,0.2-0.3,0.3-0.4,0.01639344262295082,381
OECD,1970s,1970,4,4,0.3-0.4,0.3-0.4,0.09259259259259259,381
OECD,1970s,1970,5,4,0.4-0.5,0.3-0.4,0,381
OECD,1970s,1970,6,4,0.5-0.6,0.3-0.4,0,381
OECD,1970s,1970,7,4,0.6-0.7,0.3-0.4,0.02127659574468085,381
OECD,1970s,1970,8,4,0.7-0.8,0.3-0.4,0,381
OECD,1970s,1970,9,4,0.8-0.9,0.3-0.4,0,381
OECD,1970s,1970,10,4,0.9-1.0,0.3-0.4,0,381
OECD,1970s,1970,1,5,0.0-0.1,0.4-0.5,0.05970149253731343,381
OECD,1970s,1970,2,5,0.1-0.2,0.4-0.5,0.15873015873015872,381
OECD,1970s,1970,3,5,0.2-0.3,0.4-0.5,0,381
OECD,1970s,1970,4,5,0.3-0.4,0.4-0.5,0.041666666666666664,381
OECD,1970s,1970,5,5,0.4-0.5,0.4-0.5,0.05405405405405406,381
OECD,1970s,1970,6,5,0.5-0.6,0.4-0.5,0.02564102564102564,381
OECD,1970s,1970,7,5,0.6-0.7,0.4-0.5,0,381
OECD,1970s,1970,8,5,0.7-0.8,0.4-0.5,0,381
OECD,1970s,1970,9,5,0.8-0.9,0.4-0.5,0.046511627906976744,381
OECD,1970s,1970,10,5,0.9-1.0,0.4-0.5,0.01694915254237288,381
OECD,1970s,1970,1,6,0.0-0.1,0.5-0.6,0.05019305019305019,381
OECD,1970s,1970,2,6,0.1-0.2,0.5-0.6,0,381
OECD,1970s,1970,3,6,0.2-0.3,0.5-0.6,0.025,381
OECD,1970s,1970,4,6,0.3-0.4,0.5-0.6,0.08571428571428572,381
OECD,1970s,1970,5,6,0.4-0.5,0.5-0.6,0,381
OECD,1970s,1970,6,6,0.5-0.6,0.5-0.6,0,381
OECD,1970s,1970,7,6,0.6-0.7,0.5-0.6,0,381
OECD,1970s,1970,8,6,0.7-0.8,0.5-0.6,0,381
OECD,1970s,1970,9,6,0.8-0.9,0.5-0.6,0.17857142857142858,381
OECD,1970s,1970,10,6,0.9-1.0,0.5-0.6,0,381
OECD,1970s,1970,1,7,0.0-0.1,0.6-0.7,0.03529411764705882,381
OECD,1970s,1970,2,7,0.1-0.2,0.6-0.7,0,381
OECD,1970s,1970,3,7,0.2-0.3,0.6-0.7,0.06451612903225806,381
OECD,1970s,1970,4,7,0.3-0.4,0.6-0.7,0,381
OECD,1970s,1970,5,7,0.4-0.5,0.6-0.7,0,381
OECD,1970s,1970,6,7,0.5-0.6,0.6-0.7,0.05263157894736842,381
OECD,1970s,1970,7,7,0.6-0.7,0.6-0.7,0,381
OECD,1970s,1970,8,7,0.7-0.8,0.6-0.7,0.125,381
OECD,1970s,1970,9,7,0.8-0.9,0.6-0.7,0,381
OECD,1970s,1970,10,7,0.9-1.0,0.6-0.7,0,381
OECD,1970s,1970,1,8,0.0-0.1,0.7-0.8,0.0076045627376425855,381
OECD,1970s,1970,2,8,0.1-0.2,0.7-0.8,0,381
OECD,1970s,1970,3,8,0.2-0.3,0.7-0.8,0.21428571428571427,381
OECD,1970s,1970,4,8,0.3-0.4,0.7-0.8,0.06896551724137931,381
OECD,1970s,1970,5,8,0.4-0.5,0.7-0.8,0.05263157894736842,381
OECD,1970s,1970,6,8,0.5-0.6,0.7-0.8,0.05,381
OECD,1970s,1970,7,8,0.6-0.7,0.7-0.8,0.05263157894736842,381
OECD,1970s,1970,8,8,0.7-0.8,0.7-0.8,0,381
OECD,1970s,1970,9,8,0.8-0.9,0.7-0.8,0.08333333333333333,381
OECD,1970s,1970,10,8,0.9-1.0,0.7-0.8,0,381
OECD,1970s,1970,1,9,0.0-0.1,0.8-0.9,0.00398406374501992,381
OECD,1970s,1970,2,9,0.1-0.2,0.8-0.9,0,381
OECD,1970s,1970,3,9,0.2-0.3,0.8-0.9,0,381
OECD,1970s,1970,4,9,0.3-0.4,0.8-0.9,0,381
OECD,1970s,1970,5,9,0.4-0.5,0.8-0.9,0,381
OECD,1970s,1970,6,9,0.5-0.6,0.8-0.9,0,381
OECD,1970s,1970,7,9,0.6-0.7,0.8-0.9,0,381
OECD,1970s,1970,8,9,0.7-0.8,0.8-0.9,0.2,381
OECD,1970s,1970,9,9,0.8-0.9,0.8-0.9,0,381
OECD,1970s,1970,10,9,0.9-1.0,0.8-0.9,0,381
OECD,1970s,1970,1,10,0.0-0.1,0.9-1.0,0.0078125,381
OECD,1970s,1970,2,10,0.1-0.2,0.9-1.0,0,381
OECD,1970s,1970,3,10,0.2-0.3,0.9-1.0,0.038461538461538464,381
OECD,1970s,1970,4,10,0.3-0.4,0.9-1.0,0,381
OECD,1970s,1970,5,10,0.4-0.5,0.9-1.0,0.08333333333333333,381
OECD,1970s,1970,6,10,0.5-0.6,0.9-1.0,0,381
OECD,1970s,1970,7,10,0.6-0.7,0.9-1.0,0.3,381
OECD,1970s,1970,8,10,0.7-0.8,0.9-1.0,0.09090909090909091,381
OECD,1970s,1970,9,10,0.8-0.9,0.9-1.0,0,381
OECD,1970s,1970,10,10,0.9-1.0,0.9-1.0,0,381
OECD,1980s,1980,1,1,0.0-0.1,0.0-0.1,0.29880478087649404,358
OECD,1980s,1980,2,1,0.1-0.2,0.0-0.1,0.0743801652892562,358
OECD,1980s,1980,3,1,0.2-0.3,0.0-0.1,0,358
OECD,1980s,1980,4,1,0.3-0.4,0.0-0.1,0.020833333333333332,358
OECD,1980s,1980,5,1,0.4-0.5,0.0-0.1,0,358
OECD,1980s,1980,6,1,0.5-0.6,0.0-0.1,0,358
OECD,1980s,1980,7,1,0.6-0.7,0.0-0.1,0.010309278350515464,358
OECD,1980s,1980,8,1,0.7-0.8,0.0-0.1,0.010869565217391304,358
OECD,1980s,1980,9,1,0.8-0.9,0.0-0.1,0.010416666666666666,358
OECD,1980s,1980,10,1,0.9-1.0,0.0-0.1,0,358
OECD,1980s,1980,1,2,0.0-0.1,0.1-0.2,0.21455938697318008,358
OECD,1980s,1980,2,2,0.1-0.2,0.1-0.2,0.01680672268907563,358
OECD,1980s,1980,3,2,0.2-0.3,0.1-0.2,0,358
OECD,1980s,1980,4,2,0.3-0.4,0.1-0.2,0.022988505747126436,358
OECD,1980s,1980,5,2,0.4-0.5,0.1-0.2,0,358
OECD,1980s,1980,6,2,0.5-0.6,0.1-0.2,0.011494252873563218,358
OECD,1980s,1980,7,2,0.6-0.7,0.1-0.2,0.03488372093023256,358
OECD,1980s,1980,8,2,0.7-0.8,0.1-0.2,0.012048192771084338,358
OECD,1980s,1980,9,2,0.8-0.9,0.1-0.2,0.023255813953488372,358
OECD,1980s,1980,10,2,0.9-1.0,0.1-0.2,0.1566265060240964,358
OECD,1980s,1980,1,3,0.0-0.1,0.2-0.3,0.11851851851851852,358
OECD,1980s,1980,2,3,0.1-0.2,0.2-0.3,0.17777777777777778,358
OECD,1980s,1980,3,3,0.2-0.3,0.2-0.3,0.06172839506172839,358
OECD,1980s,1980,4,3,0.3-0.4,0.2-0.3,0.0136986301369863,358
OECD,1980s,1980,5,3,0.4-0.5,0.2-0.3,0.029411764705882353,358
OECD,1980s,1980,6,3,0.5-0.6,0.2-0.3,0.028169014084507043,358
OECD,1980s,1980,7,3,0.6-0.7,0.2-0.3,0.027777777777777776,358
OECD,1980s,1980,8,3,0.7-0.8,0.2-0.3,0.014705882352941176,358
OECD,1980s,1980,9,3,0.8-0.9,0.2-0.3,0.013888888888888888,358
OECD,1980s,1980,10,3,0.9-1.0,0.2-0.3,0.038461538461538464,358
OECD,1980s,1980,1,4,0.0-0.1,0.3-0.4,0.152,358
OECD,1980s,1980,2,4,0.1-0.2,0.3-0.4,0.06976744186046512,358
OECD,1980s,1980,3,4,0.2-0.3,0.3-0.4,0.014084507042253521,358
OECD,1980s,1980,4,4,0.3-0.4,0.3-0.4,0.034482758620689655,358
OECD,1980s,1980,5,4,0.4-0.5,0.3-0.4,0.01818181818181818,358
OECD,1980s,1980,6,4,0.5-0.6,0.3-0.4,0.017241379310344827,358
OECD,1980s,1980,7,4,0.6-0.7,0.3-0.4,0,358
OECD,1980s,1980,8,4,0.7-0.8,0.3-0.4,0,358
OECD,1980s,1980,9,4,0.8-0.9,0.3-0.4,0.03508771929824561,358
OECD,1980s,1980,10,4,0.9-1.0,0.3-0.4,0,358
OECD,1980s,1980,1,5,0.0-0.1,0.4-0.5,0.053061224489795916,358
OECD,1980s,1980,2,5,0.1-0.2,0.4-0.5,0.12727272727272726,358
OECD,1980s,1980,3,5,0.2-0.3,0.4-0.5,0,358
OECD,1980s,1980,4,5,0.3-0.4,0.4-0.5,0,358
OECD,1980s,1980,5,5,0.4-0.5,0.4-0.5,0.04,358
OECD,1980s,1980,6,5,0.5-0.6,0.4-0.5,0,358
OECD,1980s,1980,7,5,0.6-0.7,0.4-0.5,0,358
OECD,1980s,1980,8,5,0.7-0.8,0.4-0.5,0,358
OECD,1980s,1980,9,5,0.8-0.9,0.4-0.5,0,358
OECD,1980s,1980,10,5,0.9-1.0,0.4-0.5,0,358
OECD,1980s,1980,1,6,0.0-0.1,0.5-0.6,0.05785123966942149,358
OECD,1980s,1980,2,6,0.1-0.2,0.5-0.6,0,358
OECD,1980s,1980,3,6,0.2-0.3,0.5-0.6,0.02564102564102564,358
OECD,1980s,1980,4,6,0.3-0.4,0.5-0.6,0,358
OECD,1980s,1980,5,6,0.4-0.5,0.5-0.6,0,358
OECD,1980s,1980,6,6,0.5-0.6,0.5-0.6,0.038461538461538464,358
OECD,1980s,1980,7,6,0.6-0.7,0.5-0.6,0.037037037037037035,358
OECD,1980s,1980,8,6,0.7-0.8,0.5-0.6,0,358
OECD,1980s,1980,9,6,0.8-0.9,0.5-0.6,0.08,358
OECD,1980s,1980,10,6,0.9-1.0,0.5-0.6,0,358
OECD,1980s,1980,1,7,0.0-0.1,0.6-0.7,0.024793388429752067,358
OECD,1980s,1980,2,7,0.1-0.2,0.6-0.7,0,358
OECD,1980s,1980,3,7,0.2-0.3,0.6-0.7,0.10344827586206896,358
OECD,1980s,1980,4,7,0.3-0.4,0.6-0.7,0.05263157894736842,358
OECD,1980s,1980,5,7,0.4-0.5,0.6-0.7,0,358
OECD,1980s,1980,6,7,0.5-0.6,0.6-0.7,0.05555555555555555,358
OECD,1980s,1980,7,7,0.6-0.7,0.6-0.7,0,358
OECD,1980s,1980,8,7,0.7-0.8,0.6-0.7,0,358
OECD,1980s,1980,9,7,0.8-0.9,0.6-0.7,0,358
OECD,1980s,1980,10,7,0.9-1.0,0.6-0.7,0,358
OECD,1980s,1980,1,8,0.0-0.1,0.7-0.8,0,358
OECD,1980s,1980,2,8,0.1-0.2,0.7-0.8,0,358
OECD,1980s,1980,3,8,0.2-0.3,0.7-0.8,0.23076923076923078,358
OECD,1980s,1980,4,8,0.3-0.4,0.7-0.8,0.05263157894736842,358
OECD,1980s,1980,5,8,0.4-0.5,0.7-0.8,0.06666666666666667,358
OECD,1980s,1980,6,8,0.5-0.6,0.7-0.8,0.11764705882352941,358
OECD,1980s,1980,7,8,0.6-0.7,0.7-0.8,0,358
OECD,1980s,1980,8,8,0.7-0.8,0.7-0.8,0.07142857142857142,358
OECD,1980s,1980,9,8,0.8-0.9,0.7-0.8,0,358
OECD,1980s,1980,10,8,0.9-1.0,0.7-0.8,0,358
OECD,1980s,1980,1,9,0.0-0.1,0.8-0.9,0.004149377593360996,358
OECD,1980s,1980,2,9,0.1-0.2,0.8-0.9,0.022222222222222223,358
OECD,1980s,1980,3,9,0.2-0.3,0.8-0.9,0.13043478260869565,358
OECD,1980s,1980,4,9,0.3-0.4,0.8-0.9,0,358
OECD,1980s,1980,5,9,0.4-0.5,0.8-0.9,0,358
OECD,1980s,1980,6,9,0.5-0.6,0.8-0.9,0,358
OECD,1980s,1980,7,9,0.6-0.7,0.8-0.9,0,358
OECD,1980s,1980,8,9,0.7-0.8,0.8-0.9,0,358
OECD,1980s,1980,9,9,0.8-0.9,0.8-0.9,0,358
OECD,1980s,1980,10,9,0.9-1.0,0.8-0.9,0,358
OECD,1980s,1980,1,10,0.0-0.1,0.9-1.0,0.008298755186721992,358
OECD,1980s,1980,2,10,0.1-0.2,0.9-1.0,0,358
OECD,1980s,1980,3,10,0.2-0.3,0.9-1.0,0.08,358
OECD,1980s,1980,4,10,0.3-0.4,0.9-1.0,0,358
OECD,1980s,1980,5,10,0.4-0.5,0.9-1.0,0,358
OECD,1980s,1980,6,10,0.5-0.6,0.9-1.0,0,358
OECD,1980s,1980,7,10,0.6-0.7,0.9-1.0,0.15384615384615385,358
OECD,1980s,1980,8,10,0.7-0.8,0.9-1.0,0,358
OECD,1980s,1980,9,10,0.8-0.9,0.9-1.0,0,358
OECD,1980s,1980,10,10,0.9-1.0,0.9-1.0,0,358
OECD,1990s,1990,1,1,0.0-0.1,0.0-0.1,0.2749326145552561,564
OECD,1990s,1990,2,1,0.1-0.2,0.0-0.1,0.06842105263157895,564
OECD,1990s,1990,3,1,0.2-0.3,0.0-0.1,0.006666666666666667,564
OECD,1990s,1990,4,1,0.3-0.4,0.0-0.1,0.007462686567164179,564
OECD,1990s,1990,5,1,0.4-0.5,0.0-0.1,0,564
OECD,1990s,1990,6,1,0.5-0.6,0.0-0.1,0,564
OECD,1990s,1990,7,1,0.6-0.7,0.0-0.1,0.015037593984962405,564
OECD,1990s,1990,8,1,0.7-0.8,0.0-0.1,0,564
OECD,1990s,1990,9,1,0.8-0.9,0.0-0.1,0,564
OECD,1990s,1990,10,1,0.9-1.0,0.0-0.1,0,564
OECD,1990s,1990,1,2,0.0-0.1,0.1-0.2,0.21351351351351353,564
OECD,1990s,1990,2,2,0.1-0.2,0.1-0.2,0.022857142857142857,564
OECD,1990s,1990,3,2,0.2-0.3,0.1-0.2,0,564
OECD,1990s,1990,4,2,0.3-0.4,0.1-0.2,0.00909090909090909,564
OECD,1990s,1990,5,2,0.4-0.5,0.1-0.2,0.008620689655172414,564
OECD,1990s,1990,6,2,0.5-0.6,0.1-0.2,0.037383177570093455,564
OECD,1990s,1990,7,2,0.6-0.7,0.1-0.2,0.04716981132075472,564
OECD,1990s,1990,8,2,0.7-0.8,0.1-0.2,0.009345794392523364,564
OECD,1990s,1990,9,2,0.8-0.9,0.1-0.2,0,564
OECD,1990s,1990,10,2,0.9-1.0,0.1-0.2,0,564
OECD,1990s,1990,1,3,0.0-0.1,0.2-0.3,0.15463917525773196,564
OECD,1990s,1990,2,3,0.1-0.2,0.2-0.3,0.09876543209876543,564
OECD,1990s,1990,3,3,0.2-0.3,0.2-0.3,0.06779661016949153,564
OECD,1990s,1990,4,3,0.3-0.4,0.2-0.3,0,564
OECD,1990s,1990,5,3,0.4-0.5,0.2-0.3,0.017543859649122806,564
OECD,1990s,1990,6,3,0.5-0.6,0.2-0.3,0.018518518518518517,564
OECD,1990s,1990,7,3,0.6-0.7,0.2-0.3,0.009174311926605505,564
OECD,1990s,1990,8,3,0.7-0.8,0.2-0.3,0.009433962264150943,564
OECD,1990s,1990,9,3,0.8-0.9,0.2-0.3,0.01,564
OECD,1990s,1990,10,3,0.9-1.0,0.2-0.3,0.031578947368421054,564
OECD,1990s,1990,1,4,0.0-0.1,0.3-0.4,0.16020671834625322,564
OECD,1990s,1990,2,4,0.1-0.2,0.3-0.4,0.08484848484848485,564
OECD,1990s,1990,3,4,0.2-0.3,0.3-0.4,0.032520325203252036,564
OECD,1990s,1990,4,4,0.3-0.4,0.3-0.4,0.04716981132075472,564
OECD,1990s,1990,5,4,0.4-0.5,0.3-0.4,0.008620689655172414,564
OECD,1990s,1990,6,4,0.5-0.6,0.3-0.4,0.00909090909090909,564
OECD,1990s,1990,7,4,0.6-0.7,0.3-0.4,0.01834862385321101,564
OECD,1990s,1990,8,4,0.7-0.8,0.3-0.4,0.038461538461538464,564
OECD,1990s,1990,9,4,0.8-0.9,0.3-0.4,0.02,564
OECD,1990s,1990,10,4,0.9-1.0,0.3-0.4,0,564
OECD,1990s,1990,1,5,0.0-0.1,0.4-0.5,0.05851063829787234,564
OECD,1990s,1990,2,5,0.1-0.2,0.4-0.5,0.13274336283185842,564
OECD,1990s,1990,3,5,0.2-0.3,0.4-0.5,0.013333333333333334,564
OECD,1990s,1990,4,5,0.3-0.4,0.4-0.5,0.01694915254237288,564
OECD,1990s,1990,5,5,0.4-0.5,0.4-0.5,0.015384615384615385,564
OECD,1990s,1990,6,5,0.5-0.6,0.4-0.5,0,564
OECD,1990s,1990,7,5,0.6-0.7,0.4-0.5,0.01694915254237288,564
OECD,1990s,1990,8,5,0.7-0.8,0.4-0.5,0.05555555555555555,564
OECD,1990s,1990,9,5,0.8-0.9,0.4-0.5,0,564
OECD,1990s,1990,10,5,0.9-1.0,0.4-0.5,0,564
OECD,1990s,1990,1,6,0.0-0.1,0.5-0.6,0.050666666666666665,564
OECD,1990s,1990,2,6,0.1-0.2,0.5-0.6,0.05084745762711865,564
OECD,1990s,1990,3,6,0.2-0.3,0.5-0.6,0.043478260869565216,564
OECD,1990s,1990,4,6,0.3-0.4,0.5-0.6,0.07692307692307693,564
OECD,1990s,1990,5,6,0.4-0.5,0.5-0.6,0.06896551724137931,564
OECD,1990s,1990,6,6,0.5-0.6,0.5-0.6,0.037037037037037035,564
OECD,1990s,1990,7,6,0.6-0.7,0.5-0.6,0.01818181818181818,564
OECD,1990s,1990,8,6,0.7-0.8,0.5-0.6,0,564
OECD,1990s,1990,9,6,0.8-0.9,0.5-0.6,0.021739130434782608,564
OECD,1990s,1990,10,6,0.9-1.0,0.5-0.6,0,564
OECD,1990s,1990,1,7,0.0-0.1,0.6-0.7,0.002717391304347826,564
OECD,1990s,1990,2,7,0.1-0.2,0.6-0.7,0.042105263157894736,564
OECD,1990s,1990,3,7,0.2-0.3,0.6-0.7,0.11904761904761904,564
OECD,1990s,1990,4,7,0.3-0.4,0.6-0.7,0.03333333333333333,564
OECD,1990s,1990,5,7,0.4-0.5,0.6-0.7,0.05714285714285714,564
OECD,1990s,1990,6,7,0.5-0.6,0.6-0.7,0.03333333333333333,564
OECD,1990s,1990,7,7,0.6-0.7,0.6-0.7,0.03333333333333333,564
OECD,1990s,1990,8,7,0.7-0.8,0.6-0.7,0,564
OECD,1990s,1990,9,7,0.8-0.9,0.6-0.7,0,564
OECD,1990s,1990,10,7,0.9-1.0,0.6-0.7,0,564
OECD,1990s,1990,1,8,0.0-0.1,0.7-0.8,0.013192612137203167,564
OECD,1990s,1990,2,8,0.1-0.2,0.7-0.8,0.07547169811320754,564
OECD,1990s,1990,3,8,0.2-0.3,0.7-0.8,0.06896551724137931,564
OECD,1990s,1990,4,8,0.3-0.4,0.7-0.8,0,564
OECD,1990s,1990,5,8,0.4-0.5,0.7-0.8,0.061224489795918366,564
OECD,1990s,1990,6,8,0.5-0.6,0.7-0.8,0.15,564
OECD,1990s,1990,7,8,0.6-0.7,0.7-0.8,0.022222222222222223,564
OECD,1990s,1990,8,8,0.7-0.8,0.7-0.8,0.04878048780487805,564
OECD,1990s,1990,9,8,0.8-0.9,0.7-0.8,0.027777777777777776,564
OECD,1990s,1990,10,8,0.9-1.0,0.7-0.8,0,564
OECD,1990s,1990,1,9,0.0-0.1,0.8-0.9,0.008086253369272238,564
OECD,1990s,1990,2,9,0.1-0.2,0.8-0.9,0.009708737864077669,564
OECD,1990s,1990,3,9,0.2-0.3,0.8-0.9,0.04,564
OECD,1990s,1990,4,9,0.3-0.4,0.8-0.9,0.058823529411764705,564
OECD,1990s,1990,5,9,0.4-0.5,0.8-0.9,0.2,564
OECD,1990s,1990,6,9,0.5-0.6,0.8-0.9,0,564
OECD,1990s,1990,7,9,0.6-0.7,0.8-0.9,0.02857142857142857,564
OECD,1990s,1990,8,9,0.7-0.8,0.8-0.9,0.03125,564
OECD,1990s,1990,9,9,0.8-0.9,0.8-0.9,0.08,564
OECD,1990s,1990,10,9,0.9-1.0,0.8-0.9,0.043478260869565216,564
OECD,1990s,1990,1,10,0.0-0.1,0.9-1.0,0.0027397260273972603,564
OECD,1990s,1990,2,10,0.1-0.2,0.9-1.0,0.03225806451612903,564
OECD,1990s,1990,3,10,0.2-0.3,0.9-1.0,0.1,564
OECD,1990s,1990,4,10,0.3-0.4,0.9-1.0,0.037037037037037035,564
OECD,1990s,1990,5,10,0.4-0.5,0.9-1.0,0.030303030303030304,564
OECD,1990s,1990,6,10,0.5-0.6,0.9-1.0,0,564
OECD,1990s,1990,7,10,0.6-0.7,0.9-1.0,0.037037037037037035,564
OECD,1990s,1990,8,10,0.7-0.8,0.9-1.0,0.041666666666666664,564
OECD,1990s,1990,9,10,0.8-0.9,0.9-1.0,0,564
OECD,1990s,1990,10,10,0.9-1.0,0.9-1.0,0,564
OECD,2000s,2000,1,1,0.0-0.1,0.0-0.1,0.24089635854341737,523
OECD,2000s,2000,2,1,0.1-0.2,0.0-0.1,0.04430379746835443,523
OECD,2000s,2000,3,1,0.2-0.3,0.0-0.1,0,523
OECD,2000s,2000,4,1,0.3-0.4,0.0-0.1,0.008620689655172414,523
OECD,2000s,2000,5,1,0.4-0.5,0.0-0.1,0.008695652173913044,523
OECD,2000s,2000,6,1,0.5-0.6,0.0-0.1,0.02608695652173913,523
OECD,2000s,2000,7,1,0.6-0.7,0.0-0.1,0,523
OECD,2000s,2000,8,1,0.7-0.8,0.0-0.1,0,523
OECD,2000s,2000,9,1,0.8-0.9,0.0-0.1,0,523
OECD,2000s,2000,10,1,0.9-1.0,0.0-0.1,0,523
OECD,2000s,2000,1,2,0.0-0.1,0.1-0.2,0.2222222222222222,523
OECD,2000s,2000,2,2,0.1-0.2,0.1-0.2,0.038461538461538464,523
OECD,2000s,2000,3,2,0.2-0.3,0.1-0.2,0.01680672268907563,523
OECD,2000s,2000,4,2,0.3-0.4,0.1-0.2,0.03636363636363636,523
OECD,2000s,2000,5,2,0.4-0.5,0.1-0.2,0.018018018018018018,523
OECD,2000s,2000,6,2,0.5-0.6,0.1-0.2,0.008771929824561403,523
OECD,2000s,2000,7,2,0.6-0.7,0.1-0.2,0,523
OECD,2000s,2000,8,2,0.7-0.8,0.1-0.2,0,523
OECD,2000s,2000,9,2,0.8-0.9,0.1-0.2,0,523
OECD,2000s,2000,10,2,0.9-1.0,0.1-0.2,0,523
OECD,2000s,2000,1,3,0.0-0.1,0.2-0.3,0.13793103448275862,523
OECD,2000s,2000,2,3,0.1-0.2,0.2-0.3,0.11029411764705882,523
OECD,2000s,2000,3,3,0.2-0.3,0.2-0.3,0.018518518518518517,523
OECD,2000s,2000,4,3,0.3-0.4,0.2-0.3,0.03,523
OECD,2000s,2000,5,3,0.4-0.5,0.2-0.3,0.030303030303030304,523
OECD,2000s,2000,6,3,0.5-0.6,0.2-0.3,0.0297029702970297,523
OECD,2000s,2000,7,3,0.6-0.7,0.2-0.3,0.031914893617021274,523
OECD,2000s,2000,8,3,0.7-0.8,0.2-0.3,0.021739130434782608,523
OECD,2000s,2000,9,3,0.8-0.9,0.2-0.3,0,523
OECD,2000s,2000,10,3,0.9-1.0,0.2-0.3,0.011627906976744186,523
OECD,2000s,2000,1,4,0.0-0.1,0.3-0.4,0.17183098591549295,523
OECD,2000s,2000,2,4,0.1-0.2,0.3-0.4,0.022222222222222223,523
OECD,2000s,2000,3,4,0.2-0.3,0.3-0.4,0.010416666666666666,523
OECD,2000s,2000,4,4,0.3-0.4,0.3-0.4,0.022727272727272728,523
OECD,2000s,2000,5,4,0.4-0.5,0.3-0.4,0,523
OECD,2000s,2000,6,4,0.5-0.6,0.3-0.4,0.011111111111111112,523
OECD,2000s,2000,7,4,0.6-0.7,0.3-0.4,0.012048192771084338,523
OECD,2000s,2000,8,4,0.7-0.8,0.3-0.4,0.0125,523
OECD,2000s,2000,9,4,0.8-0.9,0.3-0.4,0,523
OECD,2000s,2000,10,4,0.9-1.0,0.3-0.4,0.0136986301369863,523
OECD,2000s,2000,1,5,0.0-0.1,0.4-0.5,0.11944444444444445,523
OECD,2000s,2000,2,5,0.1-0.2,0.4-0.5,0.05042016806722689,523
OECD,2000s,2000,3,5,0.2-0.3,0.4-0.5,0.05,523
OECD,2000s,2000,4,5,0.3-0.4,0.4-0.5,0.02666666666666667,523
OECD,2000s,2000,5,5,0.4-0.5,0.4-0.5,0.013333333333333334,523
OECD,2000s,2000,6,5,0.5-0.6,0.4-0.5,0.012987012987012988,523
OECD,2000s,2000,7,5,0.6-0.7,0.4-0.5,0,523
OECD,2000s,2000,8,5,0.7-0.8,0.4-0.5,0.014925373134328358,523
OECD,2000s,2000,9,5,0.8-0.9,0.4-0.5,0,523
OECD,2000s,2000,10,5,0.9-1.0,0.4-0.5,0,523
OECD,2000s,2000,1,6,0.0-0.1,0.5-0.6,0.03825136612021858,523
OECD,2000s,2000,2,6,0.1-0.2,0.5-0.6,0.13333333333333333,523
OECD,2000s,2000,3,6,0.2-0.3,0.5-0.6,0.016666666666666666,523
OECD,2000s,2000,4,6,0.3-0.4,0.5-0.6,0.018867924528301886,523
OECD,2000s,2000,5,6,0.4-0.5,0.5-0.6,0.0392156862745098,523
OECD,2000s,2000,6,6,0.5-0.6,0.5-0.6,0.018518518518518517,523
OECD,2000s,2000,7,6,0.6-0.7,0.5-0.6,0.02127659574468085,523
OECD,2000s,2000,8,6,0.7-0.8,0.5-0.6,0.07142857142857142,523
OECD,2000s,2000,9,6,0.8-0.9,0.5-0.6,0,523
OECD,2000s,2000,10,6,0.9-1.0,0.5-0.6,0,523
OECD,2000s,2000,1,7,0.0-0.1,0.6-0.7,0.011204481792717087,523
OECD,2000s,2000,2,7,0.1-0.2,0.6-0.7,0.07792207792207792,523
OECD,2000s,2000,3,7,0.2-0.3,0.6-0.7,0.024390243902439025,523
OECD,2000s,2000,4,7,0.3-0.4,0.6-0.7,0,523
OECD,2000s,2000,5,7,0.4-0.5,0.6-0.7,0.0625,523
OECD,2000s,2000,6,7,0.5-0.6,0.6-0.7,0,523
OECD,2000s,2000,7,7,0.6-0.7,0.6-0.7,0.07407407407407407,523
OECD,2000s,2000,8,7,0.7-0.8,0.6-0.7,0.04,523
OECD,2000s,2000,9,7,0.8-0.9,0.6-0.7,0,523
OECD,2000s,2000,10,7,0.9-1.0,0.6-0.7,0,523
OECD,2000s,2000,1,8,0.0-0.1,0.7-0.8,0.005305039787798408,523
OECD,2000s,2000,2,8,0.1-0.2,0.7-0.8,0.10989010989010989,523
OECD,2000s,2000,3,8,0.2-0.3,0.7-0.8,0.15384615384615385,523
OECD,2000s,2000,4,8,0.3-0.4,0.7-0.8,0.019230769230769232,523
OECD,2000s,2000,5,8,0.4-0.5,0.7-0.8,0.08333333333333333,523
OECD,2000s,2000,6,8,0.5-0.6,0.7-0.8,0.10204081632653061,523
OECD,2000s,2000,7,8,0.6-0.7,0.7-0.8,0.044444444444444446,523
OECD,2000s,2000,8,8,0.7-0.8,0.7-0.8,0,523
OECD,2000s,2000,9,8,0.8-0.9,0.7-0.8,0.058823529411764705,523
OECD,2000s,2000,10,8,0.9-1.0,0.7-0.8,0,523
OECD,2000s,2000,1,9,0.0-0.1,0.8-0.9,0.008356545961002786,523
OECD,2000s,2000,2,9,0.1-0.2,0.8-0.9,0,523
OECD,2000s,2000,3,9,0.2-0.3,0.8-0.9,0.10256410256410256,523
OECD,2000s,2000,4,9,0.3-0.4,0.8-0.9,0.09090909090909091,523
OECD,2000s,2000,5,9,0.4-0.5,0.8-0.9,0.09375,523
OECD,2000s,2000,6,9,0.5-0.6,0.8-0.9,0.05714285714285714,523
OECD,2000s,2000,7,9,0.6-0.7,0.8-0.9,0.034482758620689655,523
OECD,2000s,2000,8,9,0.7-0.8,0.8-0.9,0,523
OECD,2000s,2000,9,9,0.8-0.9,0.8-0.9,0,523
OECD,2000s,2000,10,9,0.9-1.0,0.8-0.9,0.05263157894736842,523
OECD,2000s,2000,1,10,0.0-0.1,0.9-1.0,0,523
OECD,2000s,2000,2,10,0.1-0.2,0.9-1.0,0.025,523
OECD,2000s,2000,3,10,0.2-0.3,0.9-1.0,0.07894736842105263,523
OECD,2000s,2000,4,10,0.3-0.4,0.9-1.0,0.0625,523
OECD,2000s,2000,5,10,0.4-0.5,0.9-1.0,0,523
OECD,2000s,2000,6,10,0.5-0.6,0.9-1.0,0.09375,523
OECD,2000s,2000,7,10,0.6-0.7,0.9-1.0,0.12,523
OECD,2000s,2000,8,10,0.7-0.8,0.9-1.0,0.08695652173913043,523
OECD,2000s,2000,9,10,0.8-0.9,0.9-1.0,0,523
OECD,2000s,2000,10,10,0.9-1.0,0.9-1.0,0,523
OECD,2010s,2010,1,1,0.0-0.1,0.0-0.1,0.21485411140583555,620
OECD,2010s,2010,2,1,0.1-0.2,0.0-0.1,0.033707865168539325,620
OECD,2010s,2010,3,1,0.2-0.3,0.0-0.1,0,620
OECD,2010s,2010,4,1,0.3-0.4,0.0-0.1,0.008064516129032258,620
OECD,2010s,2010,5,1,0.4-0.5,0.0-0.1,0.0423728813559322,620
OECD,2010s,2010,6,1,0.5-0.6,0.0-0.1,0.018018018018018018,620
OECD,2010s,2010,7,1,0.6-0.7,0.0-0.1,0,620
OECD,2010s,2010,8,1,0.7-0.8,0.0-0.1,0,620
OECD,2010s,2010,9,1,0.8-0.9,0.0-0.1,0,620
OECD,2010s,2010,10,1,0.9-1.0,0.0-0.1,0,620
OECD,2010s,2010,1,2,0.0-0.1,0.1-0.2,0.2094240837696335,620
OECD,2010s,2010,2,2,0.1-0.2,0.1-0.2,0.06818181818181818,620
OECD,2010s,2010,3,2,0.2-0.3,0.1-0.2,0.02097902097902098,620
OECD,2010s,2010,4,2,0.3-0.4,0.1-0.2,0.015748031496062992,620
OECD,2010s,2010,5,2,0.4-0.5,0.1-0.2,0.007936507936507936,620
OECD,2010s,2010,6,2,0.5-0.6,0.1-0.2,0,620
OECD,2010s,2010,7,2,0.6-0.7,0.1-0.2,0,620
OECD,2010s,2010,8,2,0.7-0.8,0.1-0.2,0,620
OECD,2010s,2010,9,2,0.8-0.9,0.1-0.2,0.00909090909090909,620
OECD,2010s,2010,10,2,0.9-1.0,0.1-0.2,0,620
OECD,2010s,2010,1,3,0.0-0.1,0.2-0.3,0.13541666666666666,620
OECD,2010s,2010,2,3,0.1-0.2,0.2-0.3,0.06578947368421052,620
OECD,2010s,2010,3,3,0.2-0.3,0.2-0.3,0.034482758620689655,620
OECD,2010s,2010,4,3,0.3-0.4,0.2-0.3,0.00980392156862745,620
OECD,2010s,2010,5,3,0.4-0.5,0.2-0.3,0,620
OECD,2010s,2010,6,3,0.5-0.6,0.2-0.3,0,620
OECD,2010s,2010,7,3,0.6-0.7,0.2-0.3,0.023529411764705882,620
OECD,2010s,2010,8,3,0.7-0.8,0.2-0.3,0.0375,620
OECD,2010s,2010,9,3,0.8-0.9,0.2-0.3,0.011904761904761904,620
OECD,2010s,2010,10,3,0.9-1.0,0.2-0.3,0,620
OECD,2010s,2010,1,4,0.0-0.1,0.3-0.4,0.1518324607329843,620
OECD,2010s,2010,2,4,0.1-0.2,0.3-0.4,0.031055900621118012,620
OECD,2010s,2010,3,4,0.2-0.3,0.3-0.4,0.03333333333333333,620
OECD,2010s,2010,4,4,0.3-0.4,0.3-0.4,0.028846153846153848,620
OECD,2010s,2010,5,4,0.4-0.5,0.3-0.4,0.019417475728155338,620
OECD,2010s,2010,6,4,0.5-0.6,0.3-0.4,0.021505376344086023,620
OECD,2010s,2010,7,4,0.6-0.7,0.3-0.4,0,620
OECD,2010s,2010,8,4,0.7-0.8,0.3-0.4,0.023529411764705882,620
OECD,2010s,2010,9,4,0.8-0.9,0.3-0.4,0.011363636363636364,620
OECD,2010s,2010,10,4,0.9-1.0,0.3-0.4,0,620
OECD,2010s,2010,1,5,0.0-0.1,0.4-0.5,0.10632911392405063,620
OECD,2010s,2010,2,5,0.1-0.2,0.4-0.5,0.13194444444444445,620
OECD,2010s,2010,3,5,0.2-0.3,0.4-0.5,0.025423728813559324,620
OECD,2010s,2010,4,5,0.3-0.4,0.4-0.5,0.050505050505050504,620
OECD,2010s,2010,5,5,0.4-0.5,0.4-0.5,0.009900990099009901,620
OECD,2010s,2010,6,5,0.5-0.6,0.4-0.5,0,620
OECD,2010s,2010,7,5,0.6-0.7,0.4-0.5,0.023255813953488372,620
OECD,2010s,2010,8,5,0.7-0.8,0.4-0.5,0,620
OECD,2010s,2010,9,5,0.8-0.9,0.4-0.5,0,620
OECD,2010s,2010,10,5,0.9-1.0,0.4-0.5,0.024691358024691357,620
OECD,2010s,2010,1,6,0.0-0.1,0.5-0.6,0.06852791878172589,620
OECD,2010s,2010,2,6,0.1-0.2,0.5-0.6,0.11363636363636363,620
OECD,2010s,2010,3,6,0.2-0.3,0.5-0.6,0.09375,620
OECD,2010s,2010,4,6,0.3-0.4,0.5-0.6,0.047619047619047616,620
OECD,2010s,2010,5,6,0.4-0.5,0.5-0.6,0.011764705882352941,620
OECD,2010s,2010,6,6,0.5-0.6,0.5-0.6,0.013333333333333334,620
OECD,2010s,2010,7,6,0.6-0.7,0.5-0.6,0,620
OECD,2010s,2010,8,6,0.7-0.8,0.5-0.6,0.014925373134328358,620
OECD,2010s,2010,9,6,0.8-0.9,0.5-0.6,0,620
OECD,2010s,2010,10,6,0.9-1.0,0.5-0.6,0,620
OECD,2010s,2010,1,7,0.0-0.1,0.6-0.7,0.03299492385786802,620
OECD,2010s,2010,2,7,0.1-0.2,0.6-0.7,0.09917355371900827,620
OECD,2010s,2010,3,7,0.2-0.3,0.6-0.7,0.07058823529411765,620
OECD,2010s,2010,4,7,0.3-0.4,0.6-0.7,0.0136986301369863,620
OECD,2010s,2010,5,7,0.4-0.5,0.6-0.7,0.058823529411764705,620
OECD,2010s,2010,6,7,0.5-0.6,0.6-0.7,0.03333333333333333,620
OECD,2010s,2010,7,7,0.6-0.7,0.6-0.7,0.03571428571428571,620
OECD,2010s,2010,8,7,0.7-0.8,0.6-0.7,0.018867924528301886,620
OECD,2010s,2010,9,7,0.8-0.9,0.6-0.7,0.05660377358490566,620
OECD,2010s,2010,10,7,0.9-1.0,0.6-0.7,0,620
OECD,2010s,2010,1,8,0.0-0.1,0.7-0.8,0.010282776349614395,620
OECD,2010s,2010,2,8,0.1-0.2,0.7-0.8,0.043859649122807015,620
OECD,2010s,2010,3,8,0.2-0.3,0.7-0.8,0.04054054054054054,620
OECD,2010s,2010,4,8,0.3-0.4,0.7-0.8,0.09090909090909091,620
OECD,2010s,2010,5,8,0.4-0.5,0.7-0.8,0.11538461538461539,620
OECD,2010s,2010,6,8,0.5-0.6,0.7-0.8,0.09090909090909091,620
OECD,2010s,2010,7,8,0.6-0.7,0.7-0.8,0.023255813953488372,620
OECD,2010s,2010,8,8,0.7-0.8,0.7-0.8,0,620
OECD,2010s,2010,9,8,0.8-0.9,0.7-0.8,0.024390243902439025,620
OECD,2010s,2010,10,8,0.9-1.0,0.7-0.8,0.02631578947368421,620
OECD,2010s,2010,1,9,0.0-0.1,0.8-0.9,0.012690355329949238,620
OECD,2010s,2010,2,9,0.1-0.2,0.8-0.9,0.016260162601626018,620
OECD,2010s,2010,3,9,0.2-0.3,0.8-0.9,0.10666666666666667,620
OECD,2010s,2010,4,9,0.3-0.4,0.8-0.9,0.1,620
OECD,2010s,2010,5,9,0.4-0.5,0.8-0.9,0.06666666666666667,620
OECD,2010s,2010,6,9,0.5-0.6,0.8-0.9,0.038461538461538464,620
OECD,2010s,2010,7,9,0.6-0.7,0.8-0.9,0.041666666666666664,620
OECD,2010s,2010,8,9,0.7-0.8,0.8-0.9,0.022222222222222223,620
OECD,2010s,2010,9,9,0.8-0.9,0.8-0.9,0.09090909090909091,620
OECD,2010s,2010,10,9,0.9-1.0,0.8-0.9,0.046511627906976744,620
OECD,2010s,2010,1,10,0.0-0.1,0.9-1.0,0.0025252525252525255,620
OECD,2010s,2010,2,10,0.1-0.2,0.9-1.0,0.025,620
OECD,2010s,2010,3,10,0.2-0.3,0.9-1.0,0.0945945945945946,620
OECD,2010s,2010,4,10,0.3-0.4,0.9-1.0,0.03225806451612903,620
OECD,2010s,2010,5,10,0.4-0.5,0.9-1.0,0.06896551724137931,620
OECD,2010s,2010,6,10,0.5-0.6,0.9-1.0,0.10638297872340426,620
OECD,2010s,2010,7,10,0.6-0.7,0.9-1.0,0.11627906976744186,620
OECD,2010s,2010,8,10,0.7-0.8,0.9-1.0,0.047619047619047616,620
OECD,2010s,2010,9,10,0.8-0.9,0.9-1.0,0.022222222222222223,620
OECD,2010s,2010,10,10,0.9-1.0,0.9-1.0,0.10256410256410256,620
Non-OECD,1970s,1970,1,1,0.0-0.1,0.0-0.1,0,401
Non-OECD,1970s,1970,2,1,0.1-0.2,0.0-0.1,0,401
Non-OECD,1970s,1970,3,1,0.2-0.3,0.0-0.1,0.011627906976744186,401
Non-OECD,1970s,1970,4,1,0.3-0.4,0.0-0.1,0.013513513513513514,401
Non-OECD,1970s,1970,5,1,0.4-0.5,0.0-0.1,0,401
Non-OECD,1970s,1970,6,1,0.5-0.6,0.0-0.1,0,401
Non-OECD,1970s,1970,7,1,0.6-0.7,0.0-0.1,0.037037037037037035,401
Non-OECD,1970s,1970,8,1,0.7-0.8,0.0-0.1,0,401
Non-OECD,1970s,1970,9,1,0.8-0.9,0.0-0.1,0.022988505747126436,401
Non-OECD,1970s,1970,10,1,0.9-1.0,0.0-0.1,0.2529411764705882,401
Non-OECD,1970s,1970,1,2,0.0-0.1,0.1-0.2,0,401
Non-OECD,1970s,1970,2,2,0.1-0.2,0.1-0.2,0,401
Non-OECD,1970s,1970,3,2,0.2-0.3,0.1-0.2,0.03260869565217391,401
Non-OECD,1970s,1970,4,2,0.3-0.4,0.1-0.2,0.012195121951219513,401
Non-OECD,1970s,1970,5,2,0.4-0.5,0.1-0.2,0.024096385542168676,401
Non-OECD,1970s,1970,6,2,0.5-0.6,0.1-0.2,0.0125,401
Non-OECD,1970s,1970,7,2,0.6-0.7,0.1-0.2,0.022222222222222223,401
Non-OECD,1970s,1970,8,2,0.7-0.8,0.1-0.2,0.010869565217391304,401
Non-OECD,1970s,1970,9,2,0.8-0.9,0.1-0.2,0.06593406593406594,401
Non-OECD,1970s,1970,10,2,0.9-1.0,0.1-0.2,0.2346368715083799,401
Non-OECD,1970s,1970,1,3,0.0-0.1,0.2-0.3,0.038461538461538464,401
Non-OECD,1970s,1970,2,3,0.1-0.2,0.2-0.3,0,401
Non-OECD,1970s,1970,3,3,0.2-0.3,0.2-0.3,0.05128205128205128,401
Non-OECD,1970s,1970,4,3,0.3-0.4,0.2-0.3,0.06060606060606061,401
Non-OECD,1970s,1970,5,3,0.4-0.5,0.2-0.3,0,401
Non-OECD,1970s,1970,6,3,0.5-0.6,0.2-0.3,0.014925373134328358,401
Non-OECD,1970s,1970,7,3,0.6-0.7,0.2-0.3,0.05333333333333334,401
Non-OECD,1970s,1970,8,3,0.7-0.8,0.2-0.3,0.0958904109589041,401
Non-OECD,1970s,1970,9,3,0.8-0.9,0.2-0.3,0.07692307692307693,401
Non-OECD,1970s,1970,10,3,0.9-1.0,0.2-0.3,0.08900523560209424,401
Non-OECD,1970s,1970,1,4,0.0-0.1,0.3-0.4,0,401
Non-OECD,1970s,1970,2,4,0.1-0.2,0.3-0.4,0.01694915254237288,401
Non-OECD,1970s,1970,3,4,0.2-0.3,0.3-0.4,0.011494252873563218,401
Non-OECD,1970s,1970,4,4,0.3-0.4,0.3-0.4,0.05555555555555555,401
Non-OECD,1970s,1970,5,4,0.4-0.5,0.3-0.4,0.09859154929577464,401
Non-OECD,1970s,1970,6,4,0.5-0.6,0.3-0.4,0.04225352112676056,401
Non-OECD,1970s,1970,7,4,0.6-0.7,0.3-0.4,0.11842105263157894,401
Non-OECD,1970s,1970,8,4,0.7-0.8,0.3-0.4,0.075,401
Non-OECD,1970s,1970,9,4,0.8-0.9,0.3-0.4,0.046511627906976744,401
Non-OECD,1970s,1970,10,4,0.9-1.0,0.3-0.4,0.08080808080808081,401
Non-OECD,1970s,1970,1,5,0.0-0.1,0.4-0.5,0.06,401
Non-OECD,1970s,1970,2,5,0.1-0.2,0.4-0.5,0.019230769230769232,401
Non-OECD,1970s,1970,3,5,0.2-0.3,0.4-0.5,0.038461538461538464,401
Non-OECD,1970s,1970,4,5,0.3-0.4,0.4-0.5,0.09523809523809523,401
Non-OECD,1970s,1970,5,5,0.4-0.5,0.4-0.5,0.05970149253731343,401
Non-OECD,1970s,1970,6,5,0.5-0.6,0.4-0.5,0.03076923076923077,401
Non-OECD,1970s,1970,7,5,0.6-0.7,0.4-0.5,0.04,401
Non-OECD,1970s,1970,8,5,0.7-0.8,0.4-0.5,0.05333333333333334,401
Non-OECD,1970s,1970,9,5,0.8-0.9,0.4-0.5,0.136986301369863,401
Non-OECD,1970s,1970,10,5,0.9-1.0,0.4-0.5,0.04020100502512563,401
Non-OECD,1970s,1970,1,6,0.0-0.1,0.5-0.6,0,401
Non-OECD,1970s,1970,2,6,0.1-0.2,0.5-0.6,0.05660377358490566,401
Non-OECD,1970s,1970,3,6,0.2-0.3,0.5-0.6,0.06329113924050633,401
Non-OECD,1970s,1970,4,6,0.3-0.4,0.5-0.6,0.043478260869565216,401
Non-OECD,1970s,1970,5,6,0.4-0.5,0.5-0.6,0.05714285714285714,401
Non-OECD,1970s,1970,6,6,0.5-0.6,0.5-0.6,0.09375,401
Non-OECD,1970s,1970,7,6,0.6-0.7,0.5-0.6,0.05194805194805195,401
Non-OECD,1970s,1970,8,6,0.7-0.8,0.5-0.6,0.09333333333333334,401
Non-OECD,1970s,1970,9,6,0.8-0.9,0.5-0.6,0.023809523809523808,401
Non-OECD,1970s,1970,10,6,0.9-1.0,0.5-0.6,0.06598984771573604,401
Non-OECD,1970s,1970,1,7,0.0-0.1,0.6-0.7,0.02,401
Non-OECD,1970s,1970,2,7,0.1-0.2,0.6-0.7,0.04081632653061224,401
Non-OECD,1970s,1970,3,7,0.2-0.3,0.6-0.7,0.09722222222222222,401
Non-OECD,1970s,1970,4,7,0.3-0.4,0.6-0.7,0.046875,401
Non-OECD,1970s,1970,5,7,0.4-0.5,0.6-0.7,0.078125,401
Non-OECD,1970s,1970,6,7,0.5-0.6,0.6-0.7,0.1016949152542373,401
Non-OECD,1970s,1970,7,7,0.6-0.7,0.6-0.7,0.0410958904109589,401
Non-OECD,1970s,1970,8,7,0.7-0.8,0.6-0.7,0.0547945205479452,401
Non-OECD,1970s,1970,9,7,0.8-0.9,0.6-0.7,0.06578947368421052,401
Non-OECD,1970s,1970,10,7,0.9-1.0,0.6-0.7,0.03015075376884422,401
Non-OECD,1970s,1970,1,8,0.0-0.1,0.7-0.8,0.03571428571428571,401
Non-OECD,1970s,1970,2,8,0.1-0.2,0.7-0.8,0.03571428571428571,401
Non-OECD,1970s,1970,3,8,0.2-0.3,0.7-0.8,0.07547169811320754,401
Non-OECD,1970s,1970,4,8,0.3-0.4,0.7-0.8,0.046511627906976744,401
Non-OECD,1970s,1970,5,8,0.4-0.5,0.7-0.8,0.021739130434782608,401
Non-OECD,1970s,1970,6,8,0.5-0.6,0.7-0.8,0.023809523809523808,401
Non-OECD,1970s,1970,7,8,0.6-0.7,0.7-0.8,0.038461538461538464,401
Non-OECD,1970s,1970,8,8,0.7-0.8,0.7-0.8,0.03773584905660377,401
Non-OECD,1970s,1970,9,8,0.8-0.9,0.7-0.8,0.03508771929824561,401
Non-OECD,1970s,1970,10,8,0.9-1.0,0.7-0.8,0.0223463687150838,401
Non-OECD,1970s,1970,1,9,0.0-0.1,0.8-0.9,0.04878048780487805,401
Non-OECD,1970s,1970,2,9,0.1-0.2,0.8-0.9,0.023809523809523808,401
Non-OECD,1970s,1970,3,9,0.2-0.3,0.8-0.9,0.14516129032258066,401
Non-OECD,1970s,1970,4,9,0.3-0.4,0.8-0.9,0.017241379310344827,401
Non-OECD,1970s,1970,5,9,0.4-0.5,0.8-0.9,0.07017543859649122,401
Non-OECD,1970s,1970,6,9,0.5-0.6,0.8-0.9,0.03636363636363636,401
Non-OECD,1970s,1970,7,9,0.6-0.7,0.8-0.9,0.030303030303030304,401
Non-OECD,1970s,1970,8,9,0.7-0.8,0.8-0.9,0.045454545454545456,401
Non-OECD,1970s,1970,9,9,0.8-0.9,0.8-0.9,0,401
Non-OECD,1970s,1970,10,9,0.9-1.0,0.8-0.9,0.053475935828877004,401
Non-OECD,1970s,1970,1,10,0.0-0.1,0.9-1.0,0,401
Non-OECD,1970s,1970,2,10,0.1-0.2,0.9-1.0,0,401
Non-OECD,1970s,1970,3,10,0.2-0.3,0.9-1.0,0,401
Non-OECD,1970s,1970,4,10,0.3-0.4,0.9-1.0,0,401
Non-OECD,1970s,1970,5,10,0.4-0.5,0.9-1.0,0,401
Non-OECD,1970s,1970,6,10,0.5-0.6,0.9-1.0,0.03125,401
Non-OECD,1970s,1970,7,10,0.6-0.7,0.9-1.0,0.047619047619047616,401
Non-OECD,1970s,1970,8,10,0.7-0.8,0.9-1.0,0.022727272727272728,401
Non-OECD,1970s,1970,9,10,0.8-0.9,0.9-1.0,0.0425531914893617,401
Non-OECD,1970s,1970,10,10,0.9-1.0,0.9-1.0,0.023668639053254437,401
Non-OECD,1980s,1980,1,1,0.0-0.1,0.0-0.1,0.013157894736842105,454
Non-OECD,1980s,1980,2,1,0.1-0.2,0.0-0.1,0,454
Non-OECD,1980s,1980,3,1,0.2-0.3,0.0-0.1,0.056179775280898875,454
Non-OECD,1980s,1980,4,1,0.3-0.4,0.0-0.1,0.011111111111111112,454
Non-OECD,1980s,1980,5,1,0.4-0.5,0.0-0.1,0.023255813953488372,454
Non-OECD,1980s,1980,6,1,0.5-0.6,0.0-0.1,0.012048192771084338,454
Non-OECD,1980s,1980,7,1,0.6-0.7,0.0-0.1,0.04819277108433735,454
Non-OECD,1980s,1980,8,1,0.7-0.8,0.0-0.1,0.06493506493506493,454
Non-OECD,1980s,1980,9,1,0.8-0.9,0.0-0.1,0.056818181818181816,454
Non-OECD,1980s,1980,10,1,0.9-1.0,0.0-0.1,0.1638418079096045,454
Non-OECD,1980s,1980,1,2,0.0-0.1,0.1-0.2,0.011764705882352941,454
Non-OECD,1980s,1980,2,2,0.1-0.2,0.1-0.2,0.02247191011235955,454
Non-OECD,1980s,1980,3,2,0.2-0.3,0.1-0.2,0.04040404040404041,454
Non-OECD,1980s,1980,4,2,0.3-0.4,0.1-0.2,0.030927835051546393,454
Non-OECD,1980s,1980,5,2,0.4-0.5,0.1-0.2,0.031914893617021274,454
Non-OECD,1980s,1980,6,2,0.5-0.6,0.1-0.2,0.02197802197802198,454
Non-OECD,1980s,1980,7,2,0.6-0.7,0.1-0.2,0.06666666666666667,454
Non-OECD,1980s,1980,8,2,0.7-0.8,0.1-0.2,0.02247191011235955,454
Non-OECD,1980s,1980,9,2,0.8-0.9,0.1-0.2,0.05154639175257732,454
Non-OECD,1980s,1980,10,2,0.9-1.0,0.1-0.2,0.1878453038674033,454
Non-OECD,1980s,1980,1,3,0.0-0.1,0.2-0.3,0.024390243902439025,454
Non-OECD,1980s,1980,2,3,0.1-0.2,0.2-0.3,0,454
Non-OECD,1980s,1980,3,3,0.2-0.3,0.2-0.3,0.041237113402061855,454
Non-OECD,1980s,1980,4,3,0.3-0.4,0.2-0.3,0.053763440860215055,454
Non-OECD,1980s,1980,5,3,0.4-0.5,0.2-0.3,0.05555555555555555,454
Non-OECD,1980s,1980,6,3,0.5-0.6,0.2-0.3,0.07058823529411765,454
Non-OECD,1980s,1980,7,3,0.6-0.7,0.2-0.3,0,454
Non-OECD,1980s,1980,8,3,0.7-0.8,0.2-0.3,0.05952380952380952,454
Non-OECD,1980s,1980,9,3,0.8-0.9,0.2-0.3,0.1111111111111111,454
Non-OECD,1980s,1980,10,3,0.9-1.0,0.2-0.3,0.12105263157894737,454
Non-OECD,1980s,1980,1,4,0.0-0.1,0.3-0.4,0.1,454
Non-OECD,1980s,1980,2,4,0.1-0.2,0.3-0.4,0.05128205128205128,454
Non-OECD,1980s,1980,3,4,0.2-0.3,0.3-0.4,0.021739130434782608,454
Non-OECD,1980s,1980,4,4,0.3-0.4,0.3-0.4,0.07058823529411765,454
Non-OECD,1980s,1980,5,4,0.4-0.5,0.3-0.4,0.08641975308641975,454
Non-OECD,1980s,1980,6,4,0.5-0.6,0.3-0.4,0.06329113924050633,454
Non-OECD,1980s,1980,7,4,0.6-0.7,0.3-0.4,0.011627906976744186,454
Non-OECD,1980s,1980,8,4,0.7-0.8,0.3-0.4,0.012345679012345678,454
Non-OECD,1980s,1980,9,4,0.8-0.9,0.3-0.4,0.0449438202247191,454
Non-OECD,1980s,1980,10,4,0.9-1.0,0.3-0.4,0.08421052631578947,454
Non-OECD,1980s,1980,1,5,0.0-0.1,0.4-0.5,0.013157894736842105,454
Non-OECD,1980s,1980,2,5,0.1-0.2,0.4-0.5,0.07894736842105263,454
Non-OECD,1980s,1980,3,5,0.2-0.3,0.4-0.5,0.021739130434782608,454
Non-OECD,1980s,1980,4,5,0.3-0.4,0.4-0.5,0.05813953488372093,454
Non-OECD,1980s,1980,5,5,0.4-0.5,0.4-0.5,0.023255813953488372,454
Non-OECD,1980s,1980,6,5,0.5-0.6,0.4-0.5,0.05,454
Non-OECD,1980s,1980,7,5,0.6-0.7,0.4-0.5,0.10126582278481013,454
Non-OECD,1980s,1980,8,5,0.7-0.8,0.4-0.5,0.05128205128205128,454
Non-OECD,1980s,1980,9,5,0.8-0.9,0.4-0.5,0.056818181818181816,454
Non-OECD,1980s,1980,10,5,0.9-1.0,0.4-0.5,0.08421052631578947,454
Non-OECD,1980s,1980,1,6,0.0-0.1,0.5-0.6,0.05714285714285714,454
Non-OECD,1980s,1980,2,6,0.1-0.2,0.5-0.6,0.039473684210526314,454
Non-OECD,1980s,1980,3,6,0.2-0.3,0.5-0.6,0.04597701149425287,454
Non-OECD,1980s,1980,4,6,0.3-0.4,0.5-0.6,0.08641975308641975,454
Non-OECD,1980s,1980,5,6,0.4-0.5,0.5-0.6,0.0759493670886076,454
Non-OECD,1980s,1980,6,6,0.5-0.6,0.5-0.6,0.06578947368421052,454
Non-OECD,1980s,1980,7,6,0.6-0.7,0.5-0.6,0.06329113924050633,454
Non-OECD,1980s,1980,8,6,0.7-0.8,0.5-0.6,0.039473684210526314,454
Non-OECD,1980s,1980,9,6,0.8-0.9,0.5-0.6,0.046511627906976744,454
Non-OECD,1980s,1980,10,6,0.9-1.0,0.5-0.6,0.04639175257731959,454
Non-OECD,1980s,1980,1,7,0.0-0.1,0.6-0.7,0.05405405405405406,454
Non-OECD,1980s,1980,2,7,0.1-0.2,0.6-0.7,0.136986301369863,454
Non-OECD,1980s,1980,3,7,0.2-0.3,0.6-0.7,0.09195402298850575,454
Non-OECD,1980s,1980,4,7,0.3-0.4,0.6-0.7,0.05747126436781609,454
Non-OECD,1980s,1980,5,7,0.4-0.5,0.6-0.7,0.05952380952380952,454
Non-OECD,1980s,1980,6,7,0.5-0.6,0.6-0.7,0.0625,454
Non-OECD,1980s,1980,7,7,0.6-0.7,0.6-0.7,0.023255813953488372,454
Non-OECD,1980s,1980,8,7,0.7-0.8,0.6-0.7,0.0641025641025641,454
Non-OECD,1980s,1980,9,7,0.8-0.9,0.6-0.7,0.03296703296703297,454
Non-OECD,1980s,1980,10,7,0.9-1.0,0.6-0.7,0.035,454
Non-OECD,1980s,1980,1,8,0.0-0.1,0.7-0.8,0.018867924528301886,454
Non-OECD,1980s,1980,2,8,0.1-0.2,0.7-0.8,0.07272727272727272,454
Non-OECD,1980s,1980,3,8,0.2-0.3,0.7-0.8,0.04411764705882353,454
Non-OECD,1980s,1980,4,8,0.3-0.4,0.7-0.8,0.046153846153846156,454
Non-OECD,1980s,1980,5,8,0.4-0.5,0.7-0.8,0.031746031746031744,454
Non-OECD,1980s,1980,6,8,0.5-0.6,0.7-0.8,0.016666666666666666,454
Non-OECD,1980s,1980,7,8,0.6-0.7,0.7-0.8,0.0847457627118644,454
Non-OECD,1980s,1980,8,8,0.7-0.8,0.7-0.8,0.03508771929824561,454
Non-OECD,1980s,1980,9,8,0.8-0.9,0.7-0.8,0.06060606060606061,454
Non-OECD,1980s,1980,10,8,0.9-1.0,0.7-0.8,0.028089887640449437,454
Non-OECD,1980s,1980,1,9,0.0-0.1,0.8-0.9,0.05555555555555555,454
Non-OECD,1980s,1980,2,9,0.1-0.2,0.8-0.9,0,454
Non-OECD,1980s,1980,3,9,0.2-0.3,0.8-0.9,0.13846153846153847,454
Non-OECD,1980s,1980,4,9,0.3-0.4,0.8-0.9,0.04411764705882353,454
Non-OECD,1980s,1980,5,9,0.4-0.5,0.8-0.9,0.046153846153846156,454
Non-OECD,1980s,1980,6,9,0.5-0.6,0.8-0.9,0.03225806451612903,454
Non-OECD,1980s,1980,7,9,0.6-0.7,0.8-0.9,0.03076923076923077,454
Non-OECD,1980s,1980,8,9,0.7-0.8,0.8-0.9,0.03333333333333333,454
Non-OECD,1980s,1980,9,9,0.8-0.9,0.8-0.9,0,454
Non-OECD,1980s,1980,10,9,0.9-1.0,0.8-0.9,0.05084745762711865,454
Non-OECD,1980s,1980,1,10,0.0-0.1,0.9-1.0,0,454
Non-OECD,1980s,1980,2,10,0.1-0.2,0.9-1.0,0,454
Non-OECD,1980s,1980,3,10,0.2-0.3,0.9-1.0,0,454
Non-OECD,1980s,1980,4,10,0.3-0.4,0.9-1.0,0,454
Non-OECD,1980s,1980,5,10,0.4-0.5,0.9-1.0,0,454
Non-OECD,1980s,1980,6,10,0.5-0.6,0.9-1.0,0,454
Non-OECD,1980s,1980,7,10,0.6-0.7,0.9-1.0,0.02564102564102564,454
Non-OECD,1980s,1980,8,10,0.7-0.8,0.9-1.0,0,454
Non-OECD,1980s,1980,9,10,0.8-0.9,0.9-1.0,0,454
Non-OECD,1980s,1980,10,10,0.9-1.0,0.9-1.0,0.032467532467532464,454
Non-OECD,1990s,1990,1,1,0.0-0.1,0.0-0.1,0.025157232704402517,960
Non-OECD,1990s,1990,2,1,0.1-0.2,0.0-0.1,0.012903225806451613,960
Non-OECD,1990s,1990,3,1,0.2-0.3,0.0-0.1,0.03636363636363636,960
Non-OECD,1990s,1990,4,1,0.3-0.4,0.0-0.1,0.026455026455026454,960
Non-OECD,1990s,1990,5,1,0.4-0.5,0.0-0.1,0.04819277108433735,960
Non-OECD,1990s,1990,6,1,0.5-0.6,0.0-0.1,0.012738853503184714,960
Non-OECD,1990s,1990,7,1,0.6-0.7,0.0-0.1,0.08,960
Non-OECD,1990s,1990,8,1,0.7-0.8,0.0-0.1,0.03821656050955414,960
Non-OECD,1990s,1990,9,1,0.8-0.9,0.0-0.1,0.04316546762589928,960
Non-OECD,1990s,1990,10,1,0.9-1.0,0.0-0.1,0.11797752808988764,960
Non-OECD,1990s,1990,1,2,0.0-0.1,0.1-0.2,0.07920792079207921,960
Non-OECD,1990s,1990,2,2,0.1-0.2,0.1-0.2,0.06532663316582915,960
Non-OECD,1990s,1990,3,2,0.2-0.3,0.1-0.2,0.056074766355140186,960
Non-OECD,1990s,1990,4,2,0.3-0.4,0.1-0.2,0.04184100418410042,960
Non-OECD,1990s,1990,5,2,0.4-0.5,0.1-0.2,0.05045871559633028,960
Non-OECD,1990s,1990,6,2,0.5-0.6,0.1-0.2,0.04390243902439024,960
Non-OECD,1990s,1990,7,2,0.6-0.7,0.1-0.2,0.03825136612021858,960
Non-OECD,1990s,1990,8,2,0.7-0.8,0.1-0.2,0.06341463414634146,960
Non-OECD,1990s,1990,9,2,0.8-0.9,0.1-0.2,0.0582010582010582,960
Non-OECD,1990s,1990,10,2,0.9-1.0,0.1-0.2,0.09956709956709957,960
Non-OECD,1990s,1990,1,3,0.0-0.1,0.2-0.3,0.09051724137931035,960
Non-OECD,1990s,1990,2,3,0.1-0.2,0.2-0.3,0.07860262008733625,960
Non-OECD,1990s,1990,3,3,0.2-0.3,0.2-0.3,0.0398406374501992,960
Non-OECD,1990s,1990,4,3,0.3-0.4,0.2-0.3,0.07169811320754717,960
Non-OECD,1990s,1990,5,3,0.4-0.5,0.2-0.3,0.07317073170731707,960
Non-OECD,1990s,1990,6,3,0.5-0.6,0.2-0.3,0.046218487394957986,960
Non-OECD,1990s,1990,7,3,0.6-0.7,0.2-0.3,0.0514018691588785,960
Non-OECD,1990s,1990,8,3,0.7-0.8,0.2-0.3,0.07203389830508475,960
Non-OECD,1990s,1990,9,3,0.8-0.9,0.2-0.3,0.0730593607305936,960
Non-OECD,1990s,1990,10,3,0.9-1.0,0.2-0.3,0.07037037037037037,960
Non-OECD,1990s,1990,1,4,0.0-0.1,0.3-0.4,0.07604562737642585,960
Non-OECD,1990s,1990,2,4,0.1-0.2,0.3-0.4,0.08203125,960
Non-OECD,1990s,1990,3,4,0.2-0.3,0.3-0.4,0.05434782608695652,960
Non-OECD,1990s,1990,4,4,0.3-0.4,0.3-0.4,0.0979020979020979,960
Non-OECD,1990s,1990,5,4,0.4-0.5,0.3-0.4,0.11787072243346007,960
Non-OECD,1990s,1990,6,4,0.5-0.6,0.3-0.4,0.07722007722007722,960
Non-OECD,1990s,1990,7,4,0.6-0.7,0.3-0.4,0.0625,960
Non-OECD,1990s,1990,8,4,0.7-0.8,0.3-0.4,0.02909090909090909,960
Non-OECD,1990s,1990,9,4,0.8-0.9,0.3-0.4,0.04330708661417323,960
Non-OECD,1990s,1990,10,4,0.9-1.0,0.3-0.4,0.07046979865771812,960
Non-OECD,1990s,1990,1,5,0.0-0.1,0.4-0.5,0.0111731843575419,960
Non-OECD,1990s,1990,2,5,0.1-0.2,0.4-0.5,0.05421686746987952,960
Non-OECD,1990s,1990,3,5,0.2-0.3,0.4-0.5,0.09883720930232558,960
Non-OECD,1990s,1990,4,5,0.3-0.4,0.4-0.5,0.08163265306122448,960
Non-OECD,1990s,1990,5,5,0.4-0.5,0.4-0.5,0.03225806451612903,960
Non-OECD,1990s,1990,6,5,0.5-0.6,0.4-0.5,0.041176470588235294,960
Non-OECD,1990s,1990,7,5,0.6-0.7,0.4-0.5,0.02,960
Non-OECD,1990s,1990,8,5,0.7-0.8,0.4-0.5,0.06470588235294118,960
Non-OECD,1990s,1990,9,5,0.8-0.9,0.4-0.5,0.04487179487179487,960
Non-OECD,1990s,1990,10,5,0.9-1.0,0.4-0.5,0.04830917874396135,960
Non-OECD,1990s,1990,1,6,0.0-0.1,0.5-0.6,0.04419889502762431,960
Non-OECD,1990s,1990,2,6,0.1-0.2,0.5-0.6,0.03977272727272727,960
Non-OECD,1990s,1990,3,6,0.2-0.3,0.5-0.6,0.06486486486486487,960
Non-OECD,1990s,1990,4,6,0.3-0.4,0.5-0.6,0.06280193236714976,960
Non-OECD,1990s,1990,5,6,0.4-0.5,0.5-0.6,0.06951871657754011,960
Non-OECD,1990s,1990,6,6,0.5-0.6,0.5-0.6,0.10778443113772455,960
Non-OECD,1990s,1990,7,6,0.6-0.7,0.5-0.6,0.025477707006369428,960
Non-OECD,1990s,1990,8,6,0.7-0.8,0.5-0.6,0.055865921787709494,960
Non-OECD,1990s,1990,9,6,0.8-0.9,0.5-0.6,0.030120481927710843,960
Non-OECD,1990s,1990,10,6,0.9-1.0,0.5-0.6,0.0273972602739726,960
Non-OECD,1990s,1990,1,7,0.0-0.1,0.6-0.7,0.03932584269662921,960
Non-OECD,1990s,1990,2,7,0.1-0.2,0.6-0.7,0.05917159763313609,960
Non-OECD,1990s,1990,3,7,0.2-0.3,0.6-0.7,0.04891304347826087,960
Non-OECD,1990s,1990,4,7,0.3-0.4,0.6-0.7,0.038461538461538464,960
Non-OECD,1990s,1990,5,7,0.4-0.5,0.6-0.7,0.053763440860215055,960
Non-OECD,1990s,1990,6,7,0.5-0.6,0.6-0.7,0.08383233532934131,960
Non-OECD,1990s,1990,7,7,0.6-0.7,0.6-0.7,0.039735099337748346,960
Non-OECD,1990s,1990,8,7,0.7-0.8,0.6-0.7,0.04519774011299435,960
Non-OECD,1990s,1990,9,7,0.8-0.9,0.6-0.7,0.056962025316455694,960
Non-OECD,1990s,1990,10,7,0.9-1.0,0.6-0.7,0.05238095238095238,960
Non-OECD,1990s,1990,1,8,0.0-0.1,0.7-0.8,0.05263157894736842,960
Non-OECD,1990s,1990,2,8,0.1-0.2,0.7-0.8,0.006535947712418301,960
Non-OECD,1990s,1990,3,8,0.2-0.3,0.7-0.8,0.07692307692307693,960
Non-OECD,1990s,1990,4,8,0.3-0.4,0.7-0.8,0.07909604519774012,960
Non-OECD,1990s,1990,5,8,0.4-0.5,0.7-0.8,0.011834319526627219,960
Non-OECD,1990s,1990,6,8,0.5-0.6,0.7-0.8,0.012987012987012988,960
Non-OECD,1990s,1990,7,8,0.6-0.7,0.7-0.8,0.047619047619047616,960
Non-OECD,1990s,1990,8,8,0.7-0.8,0.7-0.8,0.0958904109589041,960
Non-OECD,1990s,1990,9,8,0.8-0.9,0.7-0.8,0.014285714285714285,960
Non-OECD,1990s,1990,10,8,0.9-1.0,0.7-0.8,0.031578947368421054,960
Non-OECD,1990s,1990,1,9,0.0-0.1,0.8-0.9,0.04964539007092199,960
Non-OECD,1990s,1990,2,9,0.1-0.2,0.8-0.9,0.0364963503649635,960
Non-OECD,1990s,1990,3,9,0.2-0.3,0.8-0.9,0.02631578947368421,960
Non-OECD,1990s,1990,4,9,0.3-0.4,0.8-0.9,0.05917159763313609,960
Non-OECD,1990s,1990,5,9,0.4-0.5,0.8-0.9,0.012738853503184714,960
Non-OECD,1990s,1990,6,9,0.5-0.6,0.8-0.9,0.03597122302158273,960
Non-OECD,1990s,1990,7,9,0.6-0.7,0.8-0.9,0.02564102564102564,960
Non-OECD,1990s,1990,8,9,0.7-0.8,0.8-0.9,0.04225352112676056,960
Non-OECD,1990s,1990,9,9,0.8-0.9,0.8-0.9,0.06557377049180328,960
Non-OECD,1990s,1990,10,9,0.9-1.0,0.8-0.9,0.027932960893854747,960
Non-OECD,1990s,1990,1,10,0.0-0.1,0.9-1.0,0,960
Non-OECD,1990s,1990,2,10,0.1-0.2,0.9-1.0,0.009708737864077669,960
Non-OECD,1990s,1990,3,10,0.2-0.3,0.9-1.0,0.03508771929824561,960
Non-OECD,1990s,1990,4,10,0.3-0.4,0.9-1.0,0.007142857142857143,960
Non-OECD,1990s,1990,5,10,0.4-0.5,0.9-1.0,0.025423728813559324,960
Non-OECD,1990s,1990,6,10,0.5-0.6,0.9-1.0,0.009523809523809525,960
Non-OECD,1990s,1990,7,10,0.6-0.7,0.9-1.0,0,960
Non-OECD,1990s,1990,8,10,0.7-0.8,0.9-1.0,0,960
Non-OECD,1990s,1990,9,10,0.8-0.9,0.9-1.0,0,960
Non-OECD,1990s,1990,10,10,0.9-1.0,0.9-1.0,0.050359712230215826,960
Non-OECD,2000s,2000,1,1,0.0-0.1,0.0-0.1,0.045454545454545456,1018
Non-OECD,2000s,2000,2,1,0.1-0.2,0.0-0.1,0.04054054054054054,1018
Non-OECD,2000s,2000,3,1,0.2-0.3,0.0-0.1,0.03125,1018
Non-OECD,2000s,2000,4,1,0.3-0.4,0.0-0.1,0.06358381502890173,1018
Non-OECD,2000s,2000,5,1,0.4-0.5,0.0-0.1,0.03867403314917127,1018
Non-OECD,2000s,2000,6,1,0.5-0.6,0.0-0.1,0.011111111111111112,1018
Non-OECD,2000s,2000,7,1,0.6-0.7,0.0-0.1,0.04819277108433735,1018
Non-OECD,2000s,2000,8,1,0.7-0.8,0.0-0.1,0.02040816326530612,1018
Non-OECD,2000s,2000,9,1,0.8-0.9,0.0-0.1,0.04964539007092199,1018
Non-OECD,2000s,2000,10,1,0.9-1.0,0.0-0.1,0.08290155440414508,1018
Non-OECD,2000s,2000,1,2,0.0-0.1,0.1-0.2,0.1,1018
Non-OECD,2000s,2000,2,2,0.1-0.2,0.1-0.2,0.06198347107438017,1018
Non-OECD,2000s,2000,3,2,0.2-0.3,0.1-0.2,0.08273381294964029,1018
Non-OECD,2000s,2000,4,2,0.3-0.4,0.1-0.2,0.04363636363636364,1018
Non-OECD,2000s,2000,5,2,0.4-0.5,0.1-0.2,0.05434782608695652,1018
Non-OECD,2000s,2000,6,2,0.5-0.6,0.1-0.2,0.040145985401459854,1018
Non-OECD,2000s,2000,7,2,0.6-0.7,0.1-0.2,0.053231939163498096,1018
Non-OECD,2000s,2000,8,2,0.7-0.8,0.1-0.2,0.07203389830508475,1018
Non-OECD,2000s,2000,9,2,0.8-0.9,0.1-0.2,0.07725321888412018,1018
Non-OECD,2000s,2000,10,2,0.9-1.0,0.1-0.2,0.09473684210526316,1018
Non-OECD,2000s,2000,1,3,0.0-0.1,0.2-0.3,0.06880733944954129,1018
Non-OECD,2000s,2000,2,3,0.1-0.2,0.2-0.3,0.0970873786407767,1018
Non-OECD,2000s,2000,3,3,0.2-0.3,0.2-0.3,0.07569721115537849,1018
Non-OECD,2000s,2000,4,3,0.3-0.4,0.2-0.3,0.06224066390041494,1018
Non-OECD,2000s,2000,5,3,0.4-0.5,0.2-0.3,0.061224489795918366,1018
Non-OECD,2000s,2000,6,3,0.5-0.6,0.2-0.3,0.04526748971193416,1018
Non-OECD,2000s,2000,7,3,0.6-0.7,0.2-0.3,0.0423728813559322,1018
Non-OECD,2000s,2000,8,3,0.7-0.8,0.2-0.3,0.03255813953488372,1018
Non-OECD,2000s,2000,9,3,0.8-0.9,0.2-0.3,0.06280193236714976,1018
Non-OECD,2000s,2000,10,3,0.9-1.0,0.2-0.3,0.07662835249042145,1018
Non-OECD,2000s,2000,1,4,0.0-0.1,0.3-0.4,0.050387596899224806,1018
Non-OECD,2000s,2000,2,4,0.1-0.2,0.3-0.4,0.03529411764705882,1018
Non-OECD,2000s,2000,3,4,0.2-0.3,0.3-0.4,0.058419243986254296,1018
Non-OECD,2000s,2000,4,4,0.3-0.4,0.3-0.4,0.061371841155234655,1018
Non-OECD,2000s,2000,5,4,0.4-0.5,0.3-0.4,0.13307984790874525,1018
Non-OECD,2000s,2000,6,4,0.5-0.6,0.3-0.4,0.07749077490774908,1018
Non-OECD,2000s,2000,7,4,0.6-0.7,0.3-0.4,0.07575757575757576,1018
Non-OECD,2000s,2000,8,4,0.7-0.8,0.3-0.4,0.061224489795918366,1018
Non-OECD,2000s,2000,9,4,0.8-0.9,0.3-0.4,0.04878048780487805,1018
Non-OECD,2000s,2000,10,4,0.9-1.0,0.3-0.4,0.08135593220338982,1018
Non-OECD,2000s,2000,1,5,0.0-0.1,0.4-0.5,0.04678362573099415,1018
Non-OECD,2000s,2000,2,5,0.1-0.2,0.4-0.5,0.03614457831325301,1018
Non-OECD,2000s,2000,3,5,0.2-0.3,0.4-0.5,0.058823529411764705,1018
Non-OECD,2000s,2000,4,5,0.3-0.4,0.4-0.5,0.01507537688442211,1018
Non-OECD,2000s,2000,5,5,0.4-0.5,0.4-0.5,0.04040404040404041,1018
Non-OECD,2000s,2000,6,5,0.5-0.6,0.4-0.5,0.0989010989010989,1018
Non-OECD,2000s,2000,7,5,0.6-0.7,0.4-0.5,0.054945054945054944,1018
Non-OECD,2000s,2000,8,5,0.7-0.8,0.4-0.5,0.024390243902439025,1018
Non-OECD,2000s,2000,9,5,0.8-0.9,0.4-0.5,0.05732484076433121,1018
Non-OECD,2000s,2000,10,5,0.9-1.0,0.4-0.5,0.06074766355140187,1018
Non-OECD,2000s,2000,1,6,0.0-0.1,0.5-0.6,0.06358381502890173,1018
Non-OECD,2000s,2000,2,6,0.1-0.2,0.5-0.6,0.03508771929824561,1018
Non-OECD,2000s,2000,3,6,0.2-0.3,0.5-0.6,0.05238095238095238,1018
Non-OECD,2000s,2000,4,6,0.3-0.4,0.5-0.6,0.07253886010362694,1018
Non-OECD,2000s,2000,5,6,0.4-0.5,0.5-0.6,0.04455445544554455,1018
Non-OECD,2000s,2000,6,6,0.5-0.6,0.5-0.6,0.10810810810810811,1018
Non-OECD,2000s,2000,7,6,0.6-0.7,0.5-0.6,0.042328042328042326,1018
Non-OECD,2000s,2000,8,6,0.7-0.8,0.5-0.6,0.03592814371257485,1018
Non-OECD,2000s,2000,9,6,0.8-0.9,0.5-0.6,0.030120481927710843,1018
Non-OECD,2000s,2000,10,6,0.9-1.0,0.5-0.6,0.02654867256637168,1018
Non-OECD,2000s,2000,1,7,0.0-0.1,0.6-0.7,0.022099447513812154,1018
Non-OECD,2000s,2000,2,7,0.1-0.2,0.6-0.7,0.047058823529411764,1018
Non-OECD,2000s,2000,3,7,0.2-0.3,0.6-0.7,0.0673076923076923,1018
Non-OECD,2000s,2000,4,7,0.3-0.4,0.6-0.7,0.08333333333333333,1018
Non-OECD,2000s,2000,5,7,0.4-0.5,0.6-0.7,0.0707070707070707,1018
Non-OECD,2000s,2000,6,7,0.5-0.6,0.6-0.7,0.06735751295336788,1018
Non-OECD,2000s,2000,7,7,0.6-0.7,0.6-0.7,0.03664921465968586,1018
Non-OECD,2000s,2000,8,7,0.7-0.8,0.6-0.7,0.05454545454545454,1018
Non-OECD,2000s,2000,9,7,0.8-0.9,0.6-0.7,0.023809523809523808,1018
Non-OECD,2000s,2000,10,7,0.9-1.0,0.6-0.7,0.035555555555555556,1018
Non-OECD,2000s,2000,1,8,0.0-0.1,0.7-0.8,0.01948051948051948,1018
Non-OECD,2000s,2000,2,8,0.1-0.2,0.7-0.8,0.034482758620689655,1018
Non-OECD,2000s,2000,3,8,0.2-0.3,0.7-0.8,0.031914893617021274,1018
Non-OECD,2000s,2000,4,8,0.3-0.4,0.7-0.8,0.07784431137724551,1018
Non-OECD,2000s,2000,5,8,0.4-0.5,0.7-0.8,0.027932960893854747,1018
Non-OECD,2000s,2000,6,8,0.5-0.6,0.7-0.8,0.03488372093023256,1018
Non-OECD,2000s,2000,7,8,0.6-0.7,0.7-0.8,0.06918238993710692,1018
Non-OECD,2000s,2000,8,8,0.7-0.8,0.7-0.8,0.08148148148148149,1018
Non-OECD,2000s,2000,9,8,0.8-0.9,0.7-0.8,0.02857142857142857,1018
Non-OECD,2000s,2000,10,8,0.9-1.0,0.7-0.8,0.025,1018
Non-OECD,2000s,2000,1,9,0.0-0.1,0.8-0.9,0.02027027027027027,1018
Non-OECD,2000s,2000,2,9,0.1-0.2,0.8-0.9,0.03597122302158273,1018
Non-OECD,2000s,2000,3,9,0.2-0.3,0.8-0.9,0.056179775280898875,1018
Non-OECD,2000s,2000,4,9,0.3-0.4,0.8-0.9,0.05454545454545454,1018
Non-OECD,2000s,2000,5,9,0.4-0.5,0.8-0.9,0.028901734104046242,1018
Non-OECD,2000s,2000,6,9,0.5-0.6,0.8-0.9,0.029940119760479042,1018
Non-OECD,2000s,2000,7,9,0.6-0.7,0.8-0.9,0.0718954248366013,1018
Non-OECD,2000s,2000,8,9,0.7-0.8,0.8-0.9,0.037037037037037035,1018
Non-OECD,2000s,2000,9,9,0.8-0.9,0.8-0.9,0.014705882352941176,1018
Non-OECD,2000s,2000,10,9,0.9-1.0,0.8-0.9,0.041884816753926704,1018
Non-OECD,2000s,2000,1,10,0.0-0.1,0.9-1.0,0,1018
Non-OECD,2000s,2000,2,10,0.1-0.2,0.9-1.0,0.009523809523809525,1018
Non-OECD,2000s,2000,3,10,0.2-0.3,0.9-1.0,0.04895104895104895,1018
Non-OECD,2000s,2000,4,10,0.3-0.4,0.9-1.0,0.007407407407407408,1018
Non-OECD,2000s,2000,5,10,0.4-0.5,0.9-1.0,0.014492753623188406,1018
Non-OECD,2000s,2000,6,10,0.5-0.6,0.9-1.0,0.015151515151515152,1018
Non-OECD,2000s,2000,7,10,0.6-0.7,0.9-1.0,0.016129032258064516,1018
Non-OECD,2000s,2000,8,10,0.7-0.8,0.9-1.0,0,1018
Non-OECD,2000s,2000,9,10,0.8-0.9,0.9-1.0,0.010101010101010102,1018
Non-OECD,2000s,2000,10,10,0.9-1.0,0.9-1.0,0.05921052631578947,1018
Non-OECD,2010s,2010,1,1,0.0-0.1,0.0-0.1,0.046357615894039736,1025
Non-OECD,2010s,2010,2,1,0.1-0.2,0.0-0.1,0.06369426751592357,1025
Non-OECD,2010s,2010,3,1,0.2-0.3,0.0-0.1,0.03553299492385787,1025
Non-OECD,2010s,2010,4,1,0.3-0.4,0.0-0.1,0.03680981595092025,1025
Non-OECD,2010s,2010,5,1,0.4-0.5,0.0-0.1,0.047872340425531915,1025
Non-OECD,2010s,2010,6,1,0.5-0.6,0.0-0.1,0.005952380952380952,1025
Non-OECD,2010s,2010,7,1,0.6-0.7,0.0-0.1,0.022988505747126436,1025
Non-OECD,2010s,2010,8,1,0.7-0.8,0.0-0.1,0.01675977653631285,1025
Non-OECD,2010s,2010,9,1,0.8-0.9,0.0-0.1,0.0379746835443038,1025
Non-OECD,2010s,2010,10,1,0.9-1.0,0.0-0.1,0.13020833333333334,1025
Non-OECD,2010s,2010,1,2,0.0-0.1,0.1-0.2,0.10909090909090909,1025
Non-OECD,2010s,2010,2,2,0.1-0.2,0.1-0.2,0.045454545454545456,1025
Non-OECD,2010s,2010,3,2,0.2-0.3,0.1-0.2,0.08208955223880597,1025
Non-OECD,2010s,2010,4,2,0.3-0.4,0.1-0.2,0.032388663967611336,1025
Non-OECD,2010s,2010,5,2,0.4-0.5,0.1-0.2,0.03663003663003663,1025
Non-OECD,2010s,2010,6,2,0.5-0.6,0.1-0.2,0.058091286307053944,1025
Non-OECD,2010s,2010,7,2,0.6-0.7,0.1-0.2,0.06451612903225806,1025
Non-OECD,2010s,2010,8,2,0.7-0.8,0.1-0.2,0.05511811023622047,1025
Non-OECD,2010s,2010,9,2,0.8-0.9,0.1-0.2,0.07758620689655173,1025
Non-OECD,2010s,2010,10,2,0.9-1.0,0.1-0.2,0.09782608695652174,1025
Non-OECD,2010s,2010,1,3,0.0-0.1,0.2-0.3,0.04784688995215311,1025
Non-OECD,2010s,2010,2,3,0.1-0.2,0.2-0.3,0.05555555555555555,1025
Non-OECD,2010s,2010,3,3,0.2-0.3,0.2-0.3,0.07723577235772358,1025
Non-OECD,2010s,2010,4,3,0.3-0.4,0.2-0.3,0.05504587155963303,1025
Non-OECD,2010s,2010,5,3,0.4-0.5,0.2-0.3,0.05737704918032787,1025
Non-OECD,2010s,2010,6,3,0.5-0.6,0.2-0.3,0.0502283105022831,1025
Non-OECD,2010s,2010,7,3,0.6-0.7,0.2-0.3,0.06696428571428571,1025
Non-OECD,2010s,2010,8,3,0.7-0.8,0.2-0.3,0.08,1025
Non-OECD,2010s,2010,9,3,0.8-0.9,0.2-0.3,0.06635071090047394,1025
Non-OECD,2010s,2010,10,3,0.9-1.0,0.2-0.3,0.05303030303030303,1025
Non-OECD,2010s,2010,1,4,0.0-0.1,0.3-0.4,0.02880658436213992,1025
Non-OECD,2010s,2010,2,4,0.1-0.2,0.3-0.4,0.027777777777777776,1025
Non-OECD,2010s,2010,3,4,0.2-0.3,0.3-0.4,0.08029197080291971,1025
Non-OECD,2010s,2010,4,4,0.3-0.4,0.3-0.4,0.04819277108433735,1025
Non-OECD,2010s,2010,5,4,0.4-0.5,0.3-0.4,0.1245136186770428,1025
Non-OECD,2010s,2010,6,4,0.5-0.6,0.3-0.4,0.05668016194331984,1025
Non-OECD,2010s,2010,7,4,0.6-0.7,0.3-0.4,0.08870967741935484,1025
Non-OECD,2010s,2010,8,4,0.7-0.8,0.3-0.4,0.04980842911877394,1025
Non-OECD,2010s,2010,9,4,0.8-0.9,0.3-0.4,0.07563025210084033,1025
Non-OECD,2010s,2010,10,4,0.9-1.0,0.3-0.4,0.08041958041958042,1025
Non-OECD,2010s,2010,1,5,0.0-0.1,0.4-0.5,0.06735751295336788,1025
Non-OECD,2010s,2010,2,5,0.1-0.2,0.4-0.5,0.06435643564356436,1025
Non-OECD,2010s,2010,3,5,0.2-0.3,0.4-0.5,0.07234042553191489,1025
Non-OECD,2010s,2010,4,5,0.3-0.4,0.4-0.5,0.02358490566037736,1025
Non-OECD,2010s,2010,5,5,0.4-0.5,0.4-0.5,0.07456140350877193,1025
Non-OECD,2010s,2010,6,5,0.5-0.6,0.4-0.5,0.05853658536585366,1025
Non-OECD,2010s,2010,7,5,0.6-0.7,0.4-0.5,0.041474654377880185,1025
Non-OECD,2010s,2010,8,5,0.7-0.8,0.4-0.5,0.06976744186046512,1025
Non-OECD,2010s,2010,9,5,0.8-0.9,0.4-0.5,0.05472636815920398,1025
Non-OECD,2010s,2010,10,5,0.9-1.0,0.4-0.5,0.055776892430278883,1025
Non-OECD,2010s,2010,1,6,0.0-0.1,0.5-0.6,0.03296703296703297,1025
Non-OECD,2010s,2010,2,6,0.1-0.2,0.5-0.6,0.047872340425531915,1025
Non-OECD,2010s,2010,3,6,0.2-0.3,0.5-0.6,0.04932735426008968,1025
Non-OECD,2010s,2010,4,6,0.3-0.4,0.5-0.6,0.07567567567567568,1025
Non-OECD,2010s,2010,5,6,0.4-0.5,0.5-0.6,0.0861244019138756,1025
Non-OECD,2010s,2010,6,6,0.5-0.6,0.5-0.6,0.08152173913043478,1025
Non-OECD,2010s,2010,7,6,0.6-0.7,0.5-0.6,0.061224489795918366,1025
Non-OECD,2010s,2010,8,6,0.7-0.8,0.5-0.6,0.06532663316582915,1025
Non-OECD,2010s,2010,9,6,0.8-0.9,0.5-0.6,0.021052631578947368,1025
Non-OECD,2010s,2010,10,6,0.9-1.0,0.5-0.6,0.024896265560165973,1025
Non-OECD,2010s,2010,1,7,0.0-0.1,0.6-0.7,0.01694915254237288,1025
Non-OECD,2010s,2010,2,7,0.1-0.2,0.6-0.7,0.08,1025
Non-OECD,2010s,2010,3,7,0.2-0.3,0.6-0.7,0.08653846153846154,1025
Non-OECD,2010s,2010,4,7,0.3-0.4,0.6-0.7,0.07303370786516854,1025
Non-OECD,2010s,2010,5,7,0.4-0.5,0.6-0.7,0.057971014492753624,1025
Non-OECD,2010s,2010,6,7,0.5-0.6,0.6-0.7,0.04371584699453552,1025
Non-OECD,2010s,2010,7,7,0.6-0.7,0.6-0.7,0.041666666666666664,1025
Non-OECD,2010s,2010,8,7,0.7-0.8,0.6-0.7,0.046153846153846156,1025
Non-OECD,2010s,2010,9,7,0.8-0.9,0.6-0.7,0.03333333333333333,1025
Non-OECD,2010s,2010,10,7,0.9-1.0,0.6-0.7,0.0391304347826087,1025
Non-OECD,2010s,2010,1,8,0.0-0.1,0.7-0.8,0.05,1025
Non-OECD,2010s,2010,2,8,0.1-0.2,0.7-0.8,0.04697986577181208,1025
Non-OECD,2010s,2010,3,8,0.2-0.3,0.7-0.8,0.03208556149732621,1025
Non-OECD,2010s,2010,4,8,0.3-0.4,0.7-0.8,0.07482993197278912,1025
Non-OECD,2010s,2010,5,8,0.4-0.5,0.7-0.8,0.03333333333333333,1025
Non-OECD,2010s,2010,6,8,0.5-0.6,0.7-0.8,0.06040268456375839,1025
Non-OECD,2010s,2010,7,8,0.6-0.7,0.7-0.8,0.012121212121212121,1025
Non-OECD,2010s,2010,8,8,0.7-0.8,0.7-0.8,0.062111801242236024,1025
Non-OECD,2010s,2010,9,8,0.8-0.9,0.7-0.8,0.026845637583892617,1025
Non-OECD,2010s,2010,10,8,0.9-1.0,0.7-0.8,0.024875621890547265,1025
Non-OECD,2010s,2010,1,9,0.0-0.1,0.8-0.9,0.022556390977443608,1025
Non-OECD,2010s,2010,2,9,0.1-0.2,0.8-0.9,0.03571428571428571,1025
Non-OECD,2010s,2010,3,9,0.2-0.3,0.8-0.9,0.02247191011235955,1025
Non-OECD,2010s,2010,4,9,0.3-0.4,0.8-0.9,0.06521739130434782,1025
Non-OECD,2010s,2010,5,9,0.4-0.5,0.8-0.9,0.005747126436781609,1025
Non-OECD,2010s,2010,6,9,0.5-0.6,0.8-0.9,0.05,1025
Non-OECD,2010s,2010,7,9,0.6-0.7,0.8-0.9,0.07586206896551724,1025
Non-OECD,2010s,2010,8,9,0.7-0.8,0.8-0.9,0.03225806451612903,1025
Non-OECD,2010s,2010,9,9,0.8-0.9,0.8-0.9,0.02158273381294964,1025
Non-OECD,2010s,2010,10,9,0.9-1.0,0.8-0.9,0.0427807486631016,1025
Non-OECD,2010s,2010,1,10,0.0-0.1,0.9-1.0,0,1025
Non-OECD,2010s,2010,2,10,0.1-0.2,0.9-1.0,0.009523809523809525,1025
Non-OECD,2010s,2010,3,10,0.2-0.3,0.9-1.0,0,1025
Non-OECD,2010s,2010,4,10,0.3-0.4,0.9-1.0,0.009345794392523364,1025
Non-OECD,2010s,2010,5,10,0.4-0.5,0.9-1.0,0,1025
Non-OECD,2010s,2010,6,10,0.5-0.6,0.9-1.0,0,1025
Non-OECD,2010s,2010,7,10,0.6-0.7,0.9-1.0,0.008620689655172414,1025
Non-OECD,2010s,2010,8,10,0.7-0.8,0.9-1.0,0.03418803418803419,1025
Non-OECD,2010s,2010,9,10,0.8-0.9,0.9-1.0,0.019801980198019802,1025
Non-OECD,2010s,2010,10,10,0.9-1.0,0.9-1.0,0.05405405405405406,1025
