window,treatment_def,spec,treatment,n_first_stage,n_first_stage_treated,first_stage_coef,first_stage_se,first_stage_pval,first_stage_bandwidth
1,backsliding_Nyr,instr-antiplural_w1_trt-ert_gapany_illibany_exclyr,backsliding_Nyr,1347,32,0.00554841371021789,0.02411701828176231,0.818043455571702,21.549205739817655
1,backsliding_union_Nyr,instr-antiplural_w1_trt-ertOrDdcg_gapany_illibany_exclyr,backsliding_union_Nyr,1347,42,0.03515902707629998,0.02896223166553094,0.22476252016136705,23.31416401303321
1,polyarchy_decline,instr-antiplural_w1_trt-polyarchy_gapany_illibany_exclyr,polyarchy_decline,1345,512,0.00161869786072989,0.01271347877018684,0.8986860268262793,18.019067250786843
2,backsliding_Nyr,instr-antiplural_w2_trt-ert_gapany_illibany_exclyr,backsliding_Nyr,1347,55,0.02864820936200531,0.0328730513221749,0.38349207837443,16.682439395316038
2,backsliding_union_Nyr,instr-antiplural_w2_trt-ertOrDdcg_gapany_illibany_exclyr,backsliding_union_Nyr,1347,68,0.04876789427802609,0.03473249472121904,0.1602890870013493,22.440315065931497
2,polyarchy_decline,instr-antiplural_w2_trt-polyarchy_gapany_illibany_exclyr,polyarchy_decline,1345,513,0.01269211058549025,0.01667962829501378,0.4466959769998855,17.833245651104107
3,backsliding_Nyr,instr-antiplural_w3_trt-ert_gapany_illibany_exclyr,backsliding_Nyr,1347,86,0.0200562447726809,0.04253770105045807,0.6372884405124029,20.237818285183447
3,backsliding_union_Nyr,instr-antiplural_w3_trt-ertOrDdcg_gapany_illibany_exclyr,backsliding_union_Nyr,1347,100,0.03494532408736985,0.04351252801610526,0.42191145431880867,23.62908203438811
3,polyarchy_decline,instr-antiplural_w3_trt-polyarchy_gapany_illibany_exclyr,polyarchy_decline,1324,520,0.01538851495698445,0.01775955974012649,0.3862204573246898,19.4833308405294
4,backsliding_Nyr,instr-antiplural_w4_trt-ert_gapany_illibany_exclyr,backsliding_Nyr,1347,109,-0.03605616021198836,0.05422467349522013,0.5060888015350986,19.299450035143295
4,backsliding_union_Nyr,instr-antiplural_w4_trt-ertOrDdcg_gapany_illibany_exclyr,backsliding_union_Nyr,1347,129,-0.00333398945557966,0.0573448694528938,0.953637685906834,20.1782333694835
4,polyarchy_decline,instr-antiplural_w4_trt-polyarchy_gapany_illibany_exclyr,polyarchy_decline,1312,516,0.01428862305015261,0.01803690395341721,0.4282509293854387,20.439993032074547
5,backsliding_Nyr,instr-antiplural_w5_trt-ert_gapany_illibany_exclyr,backsliding_Nyr,1347,142,-0.02524478175740104,0.05761594902663189,0.6612731013716799,21.07844457946703
5,backsliding_union_Nyr,instr-antiplural_w5_trt-ertOrDdcg_gapany_illibany_exclyr,backsliding_union_Nyr,1347,165,-0.00261451800376313,0.05926284912982699,0.96481088787662,22.632203518603777
5,polyarchy_decline,instr-antiplural_w5_trt-polyarchy_gapany_illibany_exclyr,polyarchy_decline,1289,496,0.01745794410575638,0.01811206963972612,0.3351038102958821,23.202699767878123
6,backsliding_Nyr,instr-antiplural_w6_trt-ert_gapany_illibany_exclyr,backsliding_Nyr,1347,164,-0.01624640810176091,0.05759858347884709,0.7778954850487703,22.18024289573912
6,backsliding_union_Nyr,instr-antiplural_w6_trt-ertOrDdcg_gapany_illibany_exclyr,backsliding_union_Nyr,1347,186,0.00696367858523727,0.06004882110571252,0.9076787357618036,22.869635196476
6,polyarchy_decline,instr-antiplural_w6_trt-polyarchy_gapany_illibany_exclyr,polyarchy_decline,1258,458,0.02518257227965461,0.0193487904299578,0.1930852158938366,23.93160237863443
7,backsliding_Nyr,instr-antiplural_w7_trt-ert_gapany_illibany_exclyr,backsliding_Nyr,1347,177,0.00495902918656016,0.06154861510854082,0.9357831851706906,20.672386805078173
7,backsliding_union_Nyr,instr-antiplural_w7_trt-ertOrDdcg_gapany_illibany_exclyr,backsliding_union_Nyr,1347,201,0.02548283858369215,0.06338512354556998,0.6876605852368098,21.65033536971456
7,polyarchy_decline,instr-antiplural_w7_trt-polyarchy_gapany_illibany_exclyr,polyarchy_decline,1222,427,0.01473766984979387,0.02270726171046132,0.516319674816457,20.757967464737796
8,backsliding_Nyr,instr-antiplural_w8_trt-ert_gapany_illibany_exclyr,backsliding_Nyr,1347,202,-0.00598730899911598,0.06179286414236603,0.922811200592183,21.342707840325097
8,backsliding_union_Nyr,instr-antiplural_w8_trt-ertOrDdcg_gapany_illibany_exclyr,backsliding_union_Nyr,1347,226,0.00607036728044763,0.06047840581486809,0.9200486210972776,24.512076453431057
8,polyarchy_decline,instr-antiplural_w8_trt-polyarchy_gapany_illibany_exclyr,polyarchy_decline,1194,418,0.01741046267755348,0.02425722488029887,0.47291552773568774,20.324023893501177
9,backsliding_Nyr,instr-antiplural_w9_trt-ert_gapany_illibany_exclyr,backsliding_Nyr,1347,221,0.0059931462005848,0.0650893753186681,0.9266379388886072,21.226718644311028
9,backsliding_union_Nyr,instr-antiplural_w9_trt-ertOrDdcg_gapany_illibany_exclyr,backsliding_union_Nyr,1347,246,0.01215704611082471,0.06284167417917598,0.8466025200698201,24.8785510665466
9,polyarchy_decline,instr-antiplural_w9_trt-polyarchy_gapany_illibany_exclyr,polyarchy_decline,1169,399,0.02365105414531574,0.02648412337923991,0.3718423721406999,19.547791586835704
10,backsliding_Nyr,instr-antiplural_w10_trt-ert_gapany_illibany_exclyr,backsliding_Nyr,1347,248,0.00831991721167232,0.06908523937558164,0.9041427360672708,18.78131969720298
10,backsliding_union_Nyr,instr-antiplural_w10_trt-ertOrDdcg_gapany_illibany_exclyr,backsliding_union_Nyr,1347,273,0.02337167084025915,0.06681521954050079,0.7264920897967313,22.246679033287595
10,polyarchy_decline,instr-antiplural_w10_trt-polyarchy_gapany_illibany_exclyr,polyarchy_decline,1133,388,0.02704641935020475,0.02730908783208604,0.3219876132000917,21.12714297142485
